network,city,region,region_code,country,country_code,continent,continent_code,latitude,longitude,timezone,postal_code
1.0.83.32/27,Izumo,Shimane,32,Japan,JP,Asia,AS,35.36667,132.76667,Asia/Tokyo,693-0001
1.0.82.30,Hiroshima,Hiroshima,34,Japan,JP,Asia,AS,34.4,132.45,Asia/Tokyo,730-0011
1.0.82.64/27,Matsue,Shimane,32,Japan,JP,Asia,AS,35.48333,133.05,Asia/Tokyo,690-0801
1.0.82.3,Izumo,Shimane,32,Japan,JP,Asia,AS,35.36667,132.76667,Asia/Tokyo,693-0001
1.0.81.164/31,Tottori-shi,Tottori,31,Japan,JP,Asia,AS,35.5,134.23333,Asia/Tokyo,680-0013
1.0.80.32/29,Tottori-shi,Tottori,31,Japan,JP,Asia,AS,35.5,134.23333,Asia/Tokyo,680-0013
1.0.82.24/30,Hiroshima,Hiroshima,34,Japan,JP,Asia,AS,34.4,132.45,Asia/Tokyo,730-0011
1.0.80.164/30,Tottori-shi,Tottori,31,Japan,JP,Asia,AS,35.5,134.23333,Asia/Tokyo,680-0013
1.0.82.44/30,Hiroshima,Hiroshima,34,Japan,JP,Asia,AS,34.4,132.45,Asia/Tokyo,730-0011
1.0.82.48/30,Yonago,Tottori,31,Japan,JP,Asia,AS,35.43333,133.33333,Asia/Tokyo,683-0041
1.0.16.128/25,Tokyo,Tokyo,13,Japan,JP,Asia,AS,35.6895,139.69171,Asia/Tokyo,101-8656
1.0.81.0/27,Tottori-shi,Tottori,31,Japan,JP,Asia,AS,35.5,134.23333,Asia/Tokyo,680-0013
1.0.16.12/31,Tokyo,Tokyo,13,Japan,JP,Asia,AS,35.6895,139.69171,Asia/Tokyo,101-8656
1.0.81.176/29,Hikari,Yamaguchi,35,Japan,JP,Asia,AS,33.955,131.95,Asia/Tokyo,743-0011
1.0.82.224/27,Matsue,Shimane,32,Japan,JP,Asia,AS,35.48333,133.05,Asia/Tokyo,690-0801
1.0.83.128/27,Izumo,Shimane,32,Japan,JP,Asia,AS,35.36667,132.76667,Asia/Tokyo,693-0001
1.0.80.192/27,Tottori-shi,Tottori,31,Japan,JP,Asia,AS,35.5,134.23333,Asia/Tokyo,680-0013
1.0.82.32/30,Matsue,Shimane,32,Japan,JP,Asia,AS,35.48333,133.05,Asia/Tokyo,690-0801
1.0.82.20/30,Hiroshima,Hiroshima,34,Japan,JP,Asia,AS,34.4,132.45,Asia/Tokyo,730-0011
1.0.80.88/29,Matsuzaki,Tottori,31,Japan,JP,Asia,AS,35.46667,133.9,Asia/Tokyo,689-0711
1.0.82.128/26,Matsue,Shimane,32,Japan,JP,Asia,AS,35.48333,133.05,Asia/Tokyo,690-0801
1.0.81.199,Hikari,Yamaguchi,35,Japan,JP,Asia,AS,33.955,131.95,Asia/Tokyo,743-0011
1.0.81.216/30,Hikari,Yamaguchi,35,Japan,JP,Asia,AS,33.955,131.95,Asia/Tokyo,743-0011
1.0.20.0/22,Asagaya-minami,Tokyo,13,Japan,JP,Asia,AS,35.70206,139.63745,Asia/Tokyo,166-0000
1.0.80.80/29,Tottori-shi,Tottori,31,Japan,JP,Asia,AS,35.5,134.23333,Asia/Tokyo,680-0013
1.0.82.200/29,Izumo,Shimane,32,Japan,JP,Asia,AS,35.36667,132.76667,Asia/Tokyo,693-0001
1.0.82.4/30,Hiroshima,Hiroshima,34,Japan,JP,Asia,AS,34.4,132.45,Asia/Tokyo,730-0011
1.0.80.128/27,Tottori-shi,Tottori,31,Japan,JP,Asia,AS,35.5,134.23333,Asia/Tokyo,680-0013
1.0.8.0/21,Shenzhen,Guangdong,GD,China,CN,Asia,AS,22.54554,114.0683,Asia/Shanghai,518000
1.0.80.168/29,Tottori-shi,Tottori,31,Japan,JP,Asia,AS,35.5,134.23333,Asia/Tokyo,680-0013
1.0.82.40/30,Ube,Yamaguchi,35,Japan,JP,Asia,AS,33.94306,131.25111,Asia/Tokyo,752-0923
1.0.81.220/30,Tottori-shi,Tottori,31,Japan,JP,Asia,AS,35.5,134.23333,Asia/Tokyo,680-0013
1.0.16.15,Tokyo,Tokyo,13,Japan,JP,Asia,AS,35.6895,139.69171,Asia/Tokyo,101-8656
1.0.80.40/29,Matsue,Shimane,32,Japan,JP,Asia,AS,35.48333,133.05,Asia/Tokyo,690-0801
1.0.82.56/29,Matsue,Shimane,32,Japan,JP,Asia,AS,35.48333,133.05,Asia/Tokyo,690-0801
1.0.80.248/29,Matsue,Shimane,32,Japan,JP,Asia,AS,35.48333,133.05,Asia/Tokyo,690-0801
1.0.81.224/29,Yonago,Tottori,31,Japan,JP,Asia,AS,35.43333,133.33333,Asia/Tokyo,683-0041
1.0.82.28/31,Hiroshima,Hiroshima,34,Japan,JP,Asia,AS,34.4,132.45,Asia/Tokyo,730-0011
1.0.81.184/30,Tottori-shi,Tottori,31,Japan,JP,Asia,AS,35.5,134.23333,Asia/Tokyo,680-0013
1.0.81.168/29,Hiroshima,Hiroshima,34,Japan,JP,Asia,AS,34.4,132.45,Asia/Tokyo,730-0011
1.0.16.14,Asagaya-minami,Tokyo,13,Japan,JP,Asia,AS,35.70206,139.63745,Asia/Tokyo,166-0000
1.0.81.194,Hiroshima,Hiroshima,34,Japan,JP,Asia,AS,34.4,132.45,Asia/Tokyo,730-0011
1.0.81.32/28,Tottori-shi,Tottori,31,Japan,JP,Asia,AS,35.5,134.23333,Asia/Tokyo,680-0013
1.0.82.12/31,Ube,Yamaguchi,35,Japan,JP,Asia,AS,33.94306,131.25111,Asia/Tokyo,752-0923
1.0.81.195,Ube,Yamaguchi,35,Japan,JP,Asia,AS,33.94306,131.25111,Asia/Tokyo,752-0923
1.0.82.96/28,Matsue,Shimane,32,Japan,JP,Asia,AS,35.48333,133.05,Asia/Tokyo,690-0801
1.0.64.0/20,Hiroshima,Hiroshima,34,Japan,JP,Asia,AS,34.4,132.45,Asia/Tokyo,730-0011
1.0.83.80/28,Tottori-shi,Tottori,31,Japan,JP,Asia,AS,35.5,134.23333,Asia/Tokyo,680-0013
1.0.1.0/24,Xiamen,Fujian,FJ,China,CN,Asia,AS,24.47979,118.08187,Asia/Shanghai,361000
1.0.83.64/28,Izumo,Shimane,32,Japan,JP,Asia,AS,35.36667,132.76667,Asia/Tokyo,693-0001
1.0.80.64/28,Matsue,Shimane,32,Japan,JP,Asia,AS,35.48333,133.05,Asia/Tokyo,690-0801
1.0.81.128/27,Tottori-shi,Tottori,31,Japan,JP,Asia,AS,35.5,134.23333,Asia/Tokyo,680-0013
1.0.82.192/29,Matsue,Shimane,32,Japan,JP,Asia,AS,35.48333,133.05,Asia/Tokyo,690-0801
1.0.81.200/29,Ube,Yamaguchi,35,Japan,JP,Asia,AS,33.94306,131.25111,Asia/Tokyo,752-0923
1.0.16.16/28,Tokyo,Tokyo,13,Japan,JP,Asia,AS,35.6895,139.69171,Asia/Tokyo,101-8656
1.0.82.112/28,Tottori-shi,Tottori,31,Japan,JP,Asia,AS,35.5,134.23333,Asia/Tokyo,680-0013
1.0.81.166/31,Hiroshima,Hiroshima,34,Japan,JP,Asia,AS,34.4,132.45,Asia/Tokyo,730-0011
1.0.0.0/24,Brisbane,Queensland,QLD,Australia,AU,Oceania,OC,-27.48159,153.0175,Australia/Brisbane,4101
1.0.16.8/30,Tokyo,Tokyo,13,Japan,JP,Asia,AS,35.6895,139.69171,Asia/Tokyo,101-8656
1.0.80.176/28,Tottori-shi,Tottori,31,Japan,JP,Asia,AS,35.5,134.23333,Asia/Tokyo,680-0013
1.0.81.212/30,Izumo,Shimane,32,Japan,JP,Asia,AS,35.36667,132.76667,Asia/Tokyo,693-0001
1.0.81.188/30,Hiroshima,Hiroshima,34,Japan,JP,Asia,AS,34.4,132.45,Asia/Tokyo,730-0011
1.0.82.0/31,Hiroshima,Hiroshima,34,Japan,JP,Asia,AS,34.4,132.45,Asia/Tokyo,730-0011
1.0.82.15,Hiroshima,Hiroshima,34,Japan,JP,Asia,AS,34.4,132.45,Asia/Tokyo,730-0011
1.0.82.8/30,Hiroshima,Hiroshima,34,Japan,JP,Asia,AS,34.4,132.45,Asia/Tokyo,730-0011
1.0.80.240/29,Tottori-shi,Tottori,31,Japan,JP,Asia,AS,35.5,134.23333,Asia/Tokyo,680-0013
1.0.82.2,Hiroshima,Hiroshima,34,Japan,JP,Asia,AS,34.4,132.45,Asia/Tokyo,730-0011
1.0.80.48/28,Tottori-shi,Tottori,31,Japan,JP,Asia,AS,35.5,134.23333,Asia/Tokyo,680-0013
1.0.16.64/26,Tokyo,Tokyo,13,Japan,JP,Asia,AS,35.6895,139.69171,Asia/Tokyo,101-8656
1.0.81.208/30,Hiroshima,Hiroshima,34,Japan,JP,Asia,AS,34.4,132.45,Asia/Tokyo,730-0011
1.0.18.0/23,Asagaya-minami,Tokyo,13,Japan,JP,Asia,AS,35.70206,139.63745,Asia/Tokyo,166-0000
1.0.2.0/23,Xiamen,Fujian,FJ,China,CN,Asia,AS,24.47979,118.08187,Asia/Shanghai,361000
1.0.80.96/27,Tottori-shi,Tottori,31,Japan,JP,Asia,AS,35.5,134.23333,Asia/Tokyo,680-0013
1.0.17.0/24,Asagaya-minami,Tokyo,13,Japan,JP,Asia,AS,35.70206,139.63745,Asia/Tokyo,166-0000
1.0.81.240/28,Ube,Yamaguchi,35,Japan,JP,Asia,AS,33.94306,131.25111,Asia/Tokyo,752-0923
1.0.4.0/22,Melbourne,Victoria,VIC,Australia,AU,Oceania,OC,-37.814,144.96332,Australia/Melbourne,3000
1.0.80.16/29,H≈çfu,Yamaguchi,35,Japan,JP,Asia,AS,34.05,131.56667,Asia/Tokyo,747-0034
1.0.82.31,Shimonoseki,Yamaguchi,35,Japan,JP,Asia,AS,33.95548,130.93713,Asia/Tokyo,750-0000
1.0.82.16/30,Ube,Yamaguchi,35,Japan,JP,Asia,AS,33.94306,131.25111,Asia/Tokyo,752-0923
1.0.82.208/28,Matsue,Shimane,32,Japan,JP,Asia,AS,35.48333,133.05,Asia/Tokyo,690-0801
1.0.80.224/28,Matsue,Shimane,32,Japan,JP,Asia,AS,35.48333,133.05,Asia/Tokyo,690-0801
1.0.32.0/19,Shenzhen,Guangdong,GD,China,CN,Asia,AS,22.54554,114.0683,Asia/Shanghai,518000
1.0.83.0/27,Tokuyama,Yamaguchi,35,Japan,JP,Asia,AS,34.05,131.81667,Asia/Tokyo,745-0001
1.0.16.32/27,Tokyo,Tokyo,13,Japan,JP,Asia,AS,35.6895,139.69171,Asia/Tokyo,101-8656
1.0.81.48/28,Matsue,Shimane,32,Japan,JP,Asia,AS,35.48333,133.05,Asia/Tokyo,690-0801
1.0.24.0/21,Asagaya-minami,Tokyo,13,Japan,JP,Asia,AS,35.70206,139.63745,Asia/Tokyo,166-0000
1.0.81.160/30,Matsue,Shimane,32,Japan,JP,Asia,AS,35.48333,133.05,Asia/Tokyo,690-0801
1.0.80.0/28,Matsue,Shimane,32,Japan,JP,Asia,AS,35.48333,133.05,Asia/Tokyo,690-0801
1.0.80.162/31,Izumo,Shimane,32,Japan,JP,Asia,AS,35.36667,132.76667,Asia/Tokyo,693-0001
1.0.81.64/26,Matsue,Shimane,32,Japan,JP,Asia,AS,35.48333,133.05,Asia/Tokyo,690-0801
1.0.82.14,Kudamatsu,Yamaguchi,35,Japan,JP,Asia,AS,34.00964,131.86637,Asia/Tokyo,744-0000
1.0.80.24/29,Hiroshima,Hiroshima,34,Japan,JP,Asia,AS,34.4,132.45,Asia/Tokyo,730-0011
1.0.81.192/31,Hiroshima,Hiroshima,34,Japan,JP,Asia,AS,34.4,132.45,Asia/Tokyo,730-0011
1.0.82.52/30,Tottori-shi,Tottori,31,Japan,JP,Asia,AS,35.5,134.23333,Asia/Tokyo,680-0013
1.0.83.96/27,Izumo,Shimane,32,Japan,JP,Asia,AS,35.36667,132.76667,Asia/Tokyo,693-0001
1.0.81.198,Hiroshima,Hiroshima,34,Japan,JP,Asia,AS,34.4,132.45,Asia/Tokyo,730-0011
1.0.16.0/29,Tokyo,Tokyo,13,Japan,JP,Asia,AS,35.6895,139.69171,Asia/Tokyo,101-8656
1.0.81.196/31,Tottori-shi,Tottori,31,Japan,JP,Asia,AS,35.5,134.23333,Asia/Tokyo,680-0013
1.0.81.232/29,Hiroshima,Hiroshima,34,Japan,JP,Asia,AS,34.4,132.45,Asia/Tokyo,730-0011
1.0.82.36/30,Hiroshima,Hiroshima,34,Japan,JP,Asia,AS,34.4,132.45,Asia/Tokyo,730-0011
