id,name,admin_id,tech_id,org_id,created,updated,source,raw
GENERATED-UWXUV7NIMXPCNWH2QSHBKODD2U1C47II-MNT,Auto-generated maintainer,AGMT2310-AFRINIC,,,,,afrinic,mntner:         GENERATED-UWXUV7NIMXPCNWH2QSHBKODD2U1C47II-MNT\ndescr:          Auto-generated maintainer\nadmin-c:        AGMT2310-AFRINIC\nupd-to:         ***@afrinic.net\nauth:           BCRYPT-PW # Filtered\nmnt-by:         AFRINIC-HM-MNT\nchanged:        ***@afrinic.net\nsource:         AFRINIC\n
UA-BILZARD-1-MNT,Startup maintainer,DD12267-RIPE,DD12267-RIPE,,2017-12-04,2017-12-05,ripe,mntner:         ua-bilzard-1-mnt\ndescr:          Startup maintainer\nadmin-c:        DD12267-RIPE\ntech-c:         DD12267-RIPE\nupd-to:         ltd@server-panel.net\nauth:           SSO\nmnt-by:         ua-bilzard-1-mnt\ncreated:        2017-12-04T15:11:59Z\nlast-modified:  2017-12-05T11:26:13Z\nsource:         RIPE
SICL1-MNT,SAINT ICT CONSULTANTS (PTY) LTD,CO30-AFRINIC,CH14-AFRINIC,,,,afrinic,mntner:         SICL1-MNT\ndescr:          SAINT ICT CONSULTANTS (PTY) LTD\nadmin-c:        CO30-AFRINIC\ntech-c:         CH14-AFRINIC\nauth:           MD5-PW # Filtered\nmnt-by:         SICL1-MNT\nsource:         AFRINIC # Filtered
NEXTON-MNT,,DUMY-RIPE,,,2010-06-23,2015-12-29,ripe,"mntner:         NEXTON-MNT\nadmin-c:        DUMY-RIPE\nupd-to:         unread@ripe.net\nauth:           MD5-PW $1$SaltSalt$DummifiedMD5HashValue.   # Real value hidden for security\nmnt-by:         NEXTON-MNT\ncreated:        2010-06-23T14:19:10Z\nlast-modified:  2015-12-29T17:33:24Z\nsource:         RIPE\nremarks:        ****************************\nremarks:        * THIS OBJECT IS MODIFIED\nremarks:        * Please note that all data that is generally regarded as personal\nremarks:        * data has been removed from this object.\nremarks:        * To view the original object, please query the RIPE Database at:\nremarks:        * http://www.ripe.net/whois\nremarks:        ****************************\n"
MS94442-MNT,,DUMY-RIPE,,,2014-01-03,2022-05-10,ripe,"mntner:         MS94442-MNT\nadmin-c:        DUMY-RIPE\nupd-to:         unread@ripe.net\nauth:           MD5-PW $1$SaltSalt$DummifiedMD5HashValue.   # Real value hidden for security\nmnt-by:         MS94442-MNT\nmnt-by:         MNT-BPH\ncreated:        2014-01-03T14:33:18Z\nlast-modified:  2022-05-10T14:26:41Z\nsource:         RIPE\nremarks:        ****************************\nremarks:        * THIS OBJECT IS MODIFIED\nremarks:        * Please note that all data that is generally regarded as personal\nremarks:        * data has been removed from this object.\nremarks:        * To view the original object, please query the RIPE Database at:\nremarks:        * http://www.ripe.net/whois\nremarks:        ****************************\n"
GENERATED-M84TZEPN2OPW44R0WQ2C3OXWLHQQMM4T-MNT,Auto-generated maintainer,AGMT2310-AFRINIC,,,,,afrinic,mntner:         GENERATED-M84TZEPN2OPW44R0WQ2C3OXWLHQQMM4T-MNT\ndescr:          Auto-generated maintainer\nadmin-c:        AGMT2310-AFRINIC\nauth:           BCRYPT-PW # Filtered\nmnt-by:         AFRINIC-HM-MNT\nupd-to:         ***@afrinic.net\nchanged:        ***@afrinic.net\nsource:         AFRINIC\n
MAINT-IN-EIKON,Eikon Technologies,MA721-AP,,,,2017-09-30,apnic,mntner:         MAINT-IN-EIKON\ndescr:          Eikon Technologies\nadmin-c:        MA721-AP\nupd-to:         kunal@eikontech.net\nmnt-by:         MAINT-IN-EIKON\nauth:           # Filtered\nreferral-by:    APNIC-HM\nlast-modified:  2017-09-30T09:03:43Z\nsource:         APNIC
BORISG-MNT,,DUMY-RIPE,,,2024-03-28,2024-03-28,ripe,"mntner:         BorisG-MNT\nadmin-c:        DUMY-RIPE\nupd-to:         unread@ripe.net\nauth:           MD5-PW $1$SaltSalt$DummifiedMD5HashValue.   # Real value hidden for security\nmnt-by:         BorisG-MNT\ncreated:        2024-03-28T08:56:21Z\nlast-modified:  2024-03-28T08:56:22Z\nsource:         RIPE\nremarks:        ****************************\nremarks:        * THIS OBJECT IS MODIFIED\nremarks:        * Please note that all data that is generally regarded as personal\nremarks:        * data has been removed from this object.\nremarks:        * To view the original object, please query the RIPE Database at:\nremarks:        * http://www.ripe.net/whois\nremarks:        ****************************\n"
LIR-LV-SIABALTICHOSTING-1-MNT,,DUMY-RIPE,,,2021-10-27,2021-10-27,ripe,"mntner:         lir-lv-siabaltichosting-1-MNT\nadmin-c:        DUMY-RIPE\nupd-to:         unread@ripe.net\nauth:           MD5-PW $1$SaltSalt$DummifiedMD5HashValue.   # Real value hidden for security\nmnt-by:         lir-lv-siabaltichosting-1-MNT\ncreated:        2021-10-27T07:52:27Z\nlast-modified:  2021-10-27T07:52:27Z\nsource:         RIPE\nremarks:        ****************************\nremarks:        * THIS OBJECT IS MODIFIED\nremarks:        * Please note that all data that is generally regarded as personal\nremarks:        * data has been removed from this object.\nremarks:        * To view the original object, please query the RIPE Database at:\nremarks:        * http://www.ripe.net/whois\nremarks:        ****************************\n"
MNT-UK-CYBANETIX-1,Startup maintainer,BK5205-RIPE\nMJ84061-RIPE\nML22073-RIPE,BK5205-RIPE\nML22073-RIPE\nMJ84061-RIPE,,2019-11-07,2019-11-26,ripe,mntner:         mnt-uk-cybanetix-1\ndescr:          Startup maintainer\nadmin-c:        BK5205-RIPE\nadmin-c:        MJ84061-RIPE\nadmin-c:        ML22073-RIPE\ntech-c:         BK5205-RIPE\ntech-c:         ML22073-RIPE\ntech-c:         MJ84061-RIPE\nupd-to:         bradley.kite@cybanetix.com\nauth:           SSO\nauth:           SSO\nauth:           SSO\nmnt-by:         mnt-uk-cybanetix-1\ncreated:        2019-11-07T12:29:35Z\nlast-modified:  2019-11-26T04:11:59Z\nsource:         RIPE
FUTUROEXITO-MNT,Futuro Exito Maintainers,RS4552-RIPE\nAM40156-RIPE,,,2008-11-25,2018-08-30,ripe,mntner:         FUTUROEXITO-MNT\ndescr:          Futuro Exito Maintainers\nadmin-c:        RS4552-RIPE\nadmin-c:        AM40156-RIPE\nupd-to:         lir@futuroexito.pl\nauth:           MD5-PW\nauth:           SSO\nauth:           SSO\nmnt-by:         FUTUROEXITO-MNT\ncreated:        2008-11-25T14:17:58Z\nlast-modified:  2018-08-30T11:49:16Z\nsource:         RIPE
AXI-MNT,"Avectris AG, Switzerland",ANO31-RIPE,ANO31-RIPE,,2007-02-27,2018-01-22,ripe,"mntner:         AXI-MNT\ndescr:          Avectris AG, Switzerland\nadmin-c:        ANO31-RIPE\ntech-c:         ANO31-RIPE\nupd-to:         noc@avectris.ch\nauth:           MD5-PW\nauth:           SSO\nauth:           SSO\nauth:           SSO\nauth:           SSO\nmnt-by:         AXI-MNT\ncreated:        2007-02-27T13:41:04Z\nlast-modified:  2018-01-22T11:40:24Z\nsource:         RIPE"
MAINT-IN-PATHWAYSGROUP,Sarla Holdings Pvt.Ltd,SA760-AP,,,,2017-09-30,apnic,mntner:         MAINT-IN-PATHWAYSGROUP\ndescr:          Sarla Holdings Pvt.Ltd\nadmin-c:        SA760-AP\nupd-to:         prashant@pathways.in\nmnt-by:         MAINT-IN-PATHWAYSGROUP\nauth:           # Filtered\nreferral-by:    APNIC-HM\nlast-modified:  2017-09-30T09:03:54Z\nsource:         APNIC
MNT-NTK1,,DUMY-RIPE,,,2008-03-31,2008-03-31,ripe,"mntner:         MNT-NTK1\nadmin-c:        DUMY-RIPE\nupd-to:         unread@ripe.net\nmnt-by:         MNT-NTK1\ncreated:        2008-03-31T06:55:32Z\nlast-modified:  2008-03-31T06:55:32Z\nsource:         RIPE\nremarks:        ****************************\nremarks:        * THIS OBJECT IS MODIFIED\nremarks:        * Please note that all data that is generally regarded as personal\nremarks:        * data has been removed from this object.\nremarks:        * To view the original object, please query the RIPE Database at:\nremarks:        * http://www.ripe.net/whois\nremarks:        ****************************\n"
MNT-UA-DTEL-IX-1,Startup maintainer,SK14282-RIPE,AS43425-RIPE\nVP14858-RIPE,,2019-11-26,2019-11-26,ripe,mntner:         mnt-ua-dtel-ix-1\ndescr:          Startup maintainer\nadmin-c:        SK14282-RIPE\ntech-c:         AS43425-RIPE\ntech-c:         VP14858-RIPE\nupd-to:         a.shikov@dtel-ix.net\nupd-to:         vp@dtel-ix.net\nauth:           SSO\nauth:           SSO\nauth:           SSO\nmnt-by:         mnt-ua-dtel-ix-1\ncreated:        2019-11-26T08:58:17Z\nlast-modified:  2019-11-26T08:58:17Z\nsource:         RIPE
IT-SUPERNAP-MNT,SUPERNAP Italia SRL,IA4089-RIPE,IA4089-RIPE,,2016-03-16,2017-09-05,ripe,mntner:         it-supernap-mnt\ndescr:          SUPERNAP Italia SRL\nadmin-c:        IA4089-RIPE\ntech-c:         IA4089-RIPE\nupd-to:         andrea.castano@supernap.it\nauth:           SSO\nauth:           SSO\nauth:           SSO\nmnt-by:         it-supernap-mnt\ncreated:        2016-03-16T14:01:37Z\nlast-modified:  2017-09-05T14:39:26Z\nsource:         RIPE
PARSGENE-MNT,,DUMY-RIPE,,,2021-07-31,2021-07-31,ripe,"mntner:         ParsGene-MNT\nadmin-c:        DUMY-RIPE\nupd-to:         unread@ripe.net\nauth:           MD5-PW $1$SaltSalt$DummifiedMD5HashValue.   # Real value hidden for security\nmnt-by:         ParsGene-MNT\ncreated:        2021-07-31T06:58:11Z\nlast-modified:  2021-07-31T06:58:12Z\nsource:         RIPE\nremarks:        ****************************\nremarks:        * THIS OBJECT IS MODIFIED\nremarks:        * Please note that all data that is generally regarded as personal\nremarks:        * data has been removed from this object.\nremarks:        * To view the original object, please query the RIPE Database at:\nremarks:        * http://www.ripe.net/whois\nremarks:        ****************************\n"
MNT-UK-BLACKVEATCH-1,Startup maintainer,IST16-RIPE,IST16-RIPE,,2019-05-15,2019-05-15,ripe,mntner:         mnt-uk-blackveatch-1\ndescr:          Startup maintainer\nadmin-c:        IST16-RIPE\ntech-c:         IST16-RIPE\nupd-to:         InfoSec@bv.com\nauth:           SSO\nmnt-by:         mnt-uk-blackveatch-1\ncreated:        2019-05-15T07:54:56Z\nlast-modified:  2019-05-15T07:54:56Z\nsource:         RIPE
MAINT-AU-JH254-AP,Synthesised maintainer for Jon Harsem,JH254-AP,JH254-AP,,,2016-10-20,apnic,mntner:         MAINT-AU-JH254-AP\ndescr:          Synthesised maintainer for Jon Harsem\ncountry:        AU\nadmin-c:        JH254-AP\ntech-c:         JH254-AP\nupd-to:         flakey@ozemail.com.au\nauth:           # Filtered\nmnt-nfy:        flakey@ozemail.com.au\nremarks:        This maintainer was created based on data from the AUNIC database.\nremarks:        The initial authorisation for objects protected by this mntner\nremarks:        (objects that mention this mntner in the mnt-by field) is\nremarks:        given at http://www.apnic.net/db/aunic/authorisation.html .\nremarks:        Nic-hdl JH254-AP is based on data for JH38-AU in AUNIC database.\nnotify:         flakey@ozemail.com.au\nmnt-by:         MAINT-AU-JH254-AP\nreferral-by:    APNIC-HM\nlast-modified:  2016-10-20T00:38:20Z\nsource:         APNIC\n
SITESTORM-MNT,,DUMY-RIPE,,,2023-11-05,2023-11-05,ripe,"mntner:         SiteStorm-MNT\nadmin-c:        DUMY-RIPE\nupd-to:         unread@ripe.net\nauth:           MD5-PW $1$SaltSalt$DummifiedMD5HashValue.   # Real value hidden for security\nmnt-by:         SiteStorm-MNT\ncreated:        2023-11-05T12:52:38Z\nlast-modified:  2023-11-05T12:52:38Z\nsource:         RIPE\nremarks:        ****************************\nremarks:        * THIS OBJECT IS MODIFIED\nremarks:        * Please note that all data that is generally regarded as personal\nremarks:        * data has been removed from this object.\nremarks:        * To view the original object, please query the RIPE Database at:\nremarks:        * http://www.ripe.net/whois\nremarks:        ****************************\n"
MAINT-GRS1-NP,GRS Link,GLIS4-AP,,,,2024-04-03,apnic,mntner:         MAINT-GRS1-NP\ndescr:          GRS Link\ncountry:        NP\nadmin-c:        GLIS4-AP\nupd-to:         abuse@grslink.com.np\nauth:           # Filtered\nmnt-by:         MAINT-GRS1-NP\nreferral-by:    APNIC-HM\nlast-modified:  2024-04-03T23:30:41Z\nsource:         APNIC\n
MAINT-MSCNC-MM,"MYANMAR SKY CITY NETWORK COMMUNICATION Co.,Ltd",MSCN1-AP,,,,2024-06-27,apnic,"mntner:         MAINT-MSCNC-MM\ndescr:          MYANMAR SKY CITY NETWORK COMMUNICATION Co.,Ltd\ncountry:        MM\nadmin-c:        MSCN1-AP\nupd-to:         kyawthurasan@myanmarskycitynetworkcommunication.com\nauth:           # Filtered\nmnt-by:         MAINT-MSCNC-MM\nreferral-by:    APNIC-HM\nlast-modified:  2024-06-27T08:30:35Z\nsource:         APNIC\n"
IVLAN-MNT,,DUMY-RIPE,,,2010-12-17,2018-10-08,ripe,"mntner:         IVLAN-MNT\nupd-to:         unread@ripe.net\nauth:           MD5-PW $1$SaltSalt$DummifiedMD5HashValue.   # Real value hidden for security\nadmin-c:        DUMY-RIPE\nmnt-by:         IVLAN-MNT\ncreated:        2010-12-17T09:43:42Z\nlast-modified:  2018-10-08T20:17:02Z\nsource:         RIPE\nremarks:        ****************************\nremarks:        * THIS OBJECT IS MODIFIED\nremarks:        * Please note that all data that is generally regarded as personal\nremarks:        * data has been removed from this object.\nremarks:        * To view the original object, please query the RIPE Database at:\nremarks:        * http://www.ripe.net/whois\nremarks:        ****************************\n"
MAINT-NZ-XTREME-NETWORKS,Xtreme Networks Limited Network Operations\nInternet Service Provider,ML825-AP,DH390-AP,,,2014-07-16,apnic,mntner:         MAINT-NZ-XTREME-NETWORKS\nupd-to:         soa@xtreme.net.nz\ndescr:          Xtreme Networks Limited Network Operations\ndescr:          Internet Service Provider\nauth:           # Filtered\nadmin-c:        ML825-AP\ntech-c:         DH390-AP\ncountry:        NZ\nmnt-nfy:        soa@xtreme.net.nz\nreferral-by:    APNIC-HM\nmnt-by:         MAINT-NZ-XTREME-NETWORKS\nlast-modified:  2014-07-16T20:18:42Z\nsource:         APNIC
MNT-RO-TES-1,Startup maintainer,ICA25-RIPE,ICA25-RIPE,,2019-09-12,2019-09-12,ripe,mntner:         mnt-ro-tes-1\ndescr:          Startup maintainer\nadmin-c:        ICA25-RIPE\ntech-c:         ICA25-RIPE\nupd-to:         contact@tes.ro\nauth:           SSO\nmnt-by:         mnt-ro-tes-1\ncreated:        2019-09-12T09:35:41Z\nlast-modified:  2019-09-12T09:35:41Z\nsource:         RIPE
PERDATA-MNT,Maintainer arvato Systems perdata,TG2863-RIPE\nTB4793-RIPE\nRH4241-RIPE\nTM7123-RIPE,,,2010-07-01,2015-12-03,ripe,mntner:         perdata-mnt\ndescr:          Maintainer arvato Systems perdata\nadmin-c:        TG2863-RIPE\nadmin-c:        TB4793-RIPE\nadmin-c:        RH4241-RIPE\nadmin-c:        TM7123-RIPE\nupd-to:         Tom.Geissler@perdata.de\nauth:           MD5-PW\nauth:           SSO\nmnt-by:         perdata-mnt\ncreated:        2010-07-01T11:19:44Z\nlast-modified:  2015-12-03T12:45:18Z\nsource:         RIPE
TEDDYCHEREAU,,DUMY-RIPE,,,2020-07-01,2020-07-01,ripe,"mntner:         teddychereau\nadmin-c:        DUMY-RIPE\nupd-to:         unread@ripe.net\nauth:           MD5-PW $1$SaltSalt$DummifiedMD5HashValue.   # Real value hidden for security\nmnt-by:         teddychereau\ncreated:        2020-07-01T17:17:53Z\nlast-modified:  2020-07-01T17:17:53Z\nsource:         RIPE\nremarks:        ****************************\nremarks:        * THIS OBJECT IS MODIFIED\nremarks:        * Please note that all data that is generally regarded as personal\nremarks:        * data has been removed from this object.\nremarks:        * To view the original object, please query the RIPE Database at:\nremarks:        * http://www.ripe.net/whois\nremarks:        ****************************\n"
SOTEA-DRIFT-MNT,,DUMY-RIPE,,,2022-06-30,2023-11-30,ripe,"mntner:         SOTEA-DRIFT-MNT\nadmin-c:        DUMY-RIPE\nupd-to:         unread@ripe.net\nauth:           MD5-PW $1$SaltSalt$DummifiedMD5HashValue.   # Real value hidden for security\nmnt-by:         SOTEA-DRIFT-MNT\nmnt-by:         HCDK-MNT\ncreated:        2022-06-30T14:19:57Z\nlast-modified:  2023-11-30T17:30:29Z\nsource:         RIPE\nremarks:        ****************************\nremarks:        * THIS OBJECT IS MODIFIED\nremarks:        * Please note that all data that is generally regarded as personal\nremarks:        * data has been removed from this object.\nremarks:        * To view the original object, please query the RIPE Database at:\nremarks:        * http://www.ripe.net/whois\nremarks:        ****************************\n"
MNT-HO578-RIPE,,DUMY-RIPE,,,2006-09-27,2006-09-27,ripe,"mntner:         MNT-HO578-RIPE\nadmin-c:        DUMY-RIPE\nupd-to:         unread@ripe.net\nmnt-by:         MNT-HO578-RIPE\ncreated:        2006-09-27T12:38:12Z\nlast-modified:  2006-09-27T12:38:12Z\nsource:         RIPE\nremarks:        ****************************\nremarks:        * THIS OBJECT IS MODIFIED\nremarks:        * Please note that all data that is generally regarded as personal\nremarks:        * data has been removed from this object.\nremarks:        * To view the original object, please query the RIPE Database at:\nremarks:        * http://www.ripe.net/whois\nremarks:        ****************************\n"
MAINT-JP-ANGENET1,style plus inc,KI131-AP,,,,2015-08-26,apnic,mntner:         MAINT-JP-ANGENET1\ndescr:          style plus inc\nadmin-c:        KI131-AP\nupd-to:         info@style-plus.org\nauth:           # Filtered\nmnt-by:         MAINT-JP-ANGENET1\nreferral-by:    APNIC-HM\nlast-modified:  2015-08-26T12:18:21Z\nsource:         APNIC\n
RONANDEKERMADEC,,DUMY-RIPE,,,2015-09-07,2015-09-07,ripe,"mntner:         RonandeKermadec\nadmin-c:        DUMY-RIPE\nupd-to:         unread@ripe.net\nauth:           MD5-PW $1$SaltSalt$DummifiedMD5HashValue.   # Real value hidden for security\nmnt-by:         RonandeKermadec\ncreated:        2015-09-07T11:56:13Z\nlast-modified:  2015-09-07T11:56:13Z\nsource:         RIPE\nremarks:        ****************************\nremarks:        * THIS OBJECT IS MODIFIED\nremarks:        * Please note that all data that is generally regarded as personal\nremarks:        * data has been removed from this object.\nremarks:        * To view the original object, please query the RIPE Database at:\nremarks:        * http://www.ripe.net/whois\nremarks:        ****************************\n"
PCHELKIN-MNT,,DUMY-RIPE,,,2021-10-14,2021-10-18,ripe,"mntner:         pchelkin-MNT\nadmin-c:        DUMY-RIPE\nupd-to:         unread@ripe.net\nauth:           MD5-PW $1$SaltSalt$DummifiedMD5HashValue.   # Real value hidden for security\nmnt-by:         pchelkin-MNT\ncreated:        2021-10-14T06:08:24Z\nlast-modified:  2021-10-18T15:53:47Z\nsource:         RIPE\nremarks:        ****************************\nremarks:        * THIS OBJECT IS MODIFIED\nremarks:        * Please note that all data that is generally regarded as personal\nremarks:        * data has been removed from this object.\nremarks:        * To view the original object, please query the RIPE Database at:\nremarks:        * http://www.ripe.net/whois\nremarks:        ****************************\n"
GENERATED-DWCFIOCXSXTQD0M74PSKYEZ9EB3BDK4C-MNT,Auto-generated maintainer,AGMT2310-AFRINIC,,,,,afrinic,mntner:         GENERATED-DWCFIOCXSXTQD0M74PSKYEZ9EB3BDK4C-MNT\ndescr:          Auto-generated maintainer\nadmin-c:        AGMT2310-AFRINIC\nupd-to:         ***@afrinic.net\nauth:           BCRYPT-PW # Filtered\nmnt-by:         AFRINIC-HM-MNT\nchanged:        ***@afrinic.net\nsource:         AFRINIC\n
YANGJIN-MNT,,DUMY-RIPE,,,2022-02-19,2022-02-19,ripe,"mntner:         YANGJIN-MNT\nadmin-c:        DUMY-RIPE\nupd-to:         unread@ripe.net\nauth:           MD5-PW $1$SaltSalt$DummifiedMD5HashValue.   # Real value hidden for security\nmnt-by:         YANGJIN-MNT\ncreated:        2022-02-19T16:50:17Z\nlast-modified:  2022-02-19T16:50:17Z\nsource:         RIPE\nremarks:        ****************************\nremarks:        * THIS OBJECT IS MODIFIED\nremarks:        * Please note that all data that is generally regarded as personal\nremarks:        * data has been removed from this object.\nremarks:        * To view the original object, please query the RIPE Database at:\nremarks:        * http://www.ripe.net/whois\nremarks:        ****************************\n"
MNT-SWR,"Sennhauser, Werner & Rauch AG",iB1151-RIPE,,,2008-03-10,2008-03-10,ripe,"mntner:         MNT-SWR\ndescr:          Sennhauser, Werner & Rauch AG\nadmin-c:        iB1151-RIPE\nupd-to:         peter.baenninger@swr.ch\nremarks:        MD5 passwords older than November 2011 were removed from this maintainer, see: https://www.ripe.net/removed2011pw\nmnt-by:         MNT-SWR\ncreated:        2008-03-10T12:39:30Z\nlast-modified:  2008-03-10T12:41:50Z\nsource:         RIPE"
GENERATED-RE8JTESD8ZBJ2TLGUHWCS9TGOBXFKBJ4-MNT,Auto-generated maintainer,AGMT2310-AFRINIC,,,,,afrinic,mntner:         GENERATED-RE8JTESD8ZBJ2TLGUHWCS9TGOBXFKBJ4-MNT\ndescr:          Auto-generated maintainer\nadmin-c:        AGMT2310-AFRINIC\nupd-to:         ***@afrinic.net\nauth:           BCRYPT-PW # Filtered\nmnt-by:         AFRINIC-HM-MNT\nchanged:        ***@afrinic.net\nsource:         AFRINIC\n
MAINT-JP-CRENT-3001105,CREATIVE,KN370-AP,,,,2017-06-14,apnic,mntner:         MAINT-JP-CRENT-3001105\ndescr:          CREATIVE\nadmin-c:        KN370-AP\nupd-to:         apnic@grnt.ne.jp\nmnt-by:         MAINT-JP-CRENT-3001105\nauth:           # Filtered\nreferral-by:    APNIC-HM\nlast-modified:  2017-06-14T21:02:02Z\nsource:         APNIC
MNT-DZUBENKO,,DR9381-RIPE,,,2019-03-07,2019-03-07,ripe,mntner:         mnt-dzubenko\nadmin-c:        DR9381-RIPE\nupd-to:         gendir@mashuk-telekom.ru\nauth:           SSO\nmnt-by:         mnt-dzubenko\ncreated:        2019-03-07T06:29:55Z\nlast-modified:  2019-03-07T06:29:55Z\nsource:         RIPE
SCO-NU-ESRF-FR-MNT,,DUMY-RIPE,,,2021-02-18,2021-02-18,ripe,"mntner:         sco-nu-esrf-fr-mnt\nadmin-c:        DUMY-RIPE\nupd-to:         unread@ripe.net\nauth:           MD5-PW $1$SaltSalt$DummifiedMD5HashValue.   # Real value hidden for security\nmnt-by:         sco-nu-esrf-fr-mnt\ncreated:        2021-02-18T12:24:13Z\nlast-modified:  2021-02-18T12:24:13Z\nsource:         RIPE\nremarks:        ****************************\nremarks:        * THIS OBJECT IS MODIFIED\nremarks:        * Please note that all data that is generally regarded as personal\nremarks:        * data has been removed from this object.\nremarks:        * To view the original object, please query the RIPE Database at:\nremarks:        * http://www.ripe.net/whois\nremarks:        ****************************\n"
MAINT-AU-SIA,SIA administrator,CM74-AP,CM74-AP,,,2016-10-20,apnic,mntner:         MAINT-AU-SIA\ndescr:          SIA administrator\ncountry:        AU\nadmin-c:        CM74-AP\ntech-c:         CM74-AP\nupd-to:         administrator@sia.net.au\nauth:           # Filtered\nmnt-nfy:        administrator@sia.net.au\nremarks:        SIA Administrator\nmnt-by:         MAINT-AU-SIA\nreferral-by:    APNIC-HM\nlast-modified:  2016-10-20T00:46:31Z\nsource:         APNIC\n
MAINT-AXICORP-AU,AxiCorp,AA897-AP,,,,2015-03-23,apnic,mntner:         MAINT-AXICORP-AU\ndescr:          AxiCorp\ncountry:        AU\nadmin-c:        AA897-AP\nupd-to:         it@axicorp.com.au\nauth:           # Filtered\nmnt-by:         MAINT-AXICORP-AU\nreferral-by:    APNIC-HM\nlast-modified:  2015-03-23T21:34:00Z\nsource:         APNIC\n
UK-AEROMOBILE-1-MNT,Startup maintainer,NS6626-RIPE,NS6626-RIPE,,2017-02-10,2017-02-10,ripe,mntner:         uk-aeromobile-1-mnt\ndescr:          Startup maintainer\nadmin-c:        NS6626-RIPE\ntech-c:         NS6626-RIPE\nupd-to:         nshearman@aeromobile.net\nauth:           SSO\nauth:           SSO\nmnt-by:         uk-aeromobile-1-mnt\ncreated:        2017-02-10T09:27:29Z\nlast-modified:  2017-02-10T09:27:29Z\nsource:         RIPE
MAINT-EES-MY,Exabytes Ecommerce Sdn.Bhd.,EESA1-AP,,,,2015-12-16,apnic,mntner:         MAINT-EES-MY\ndescr:          Exabytes Ecommerce Sdn.Bhd.\ncountry:        MY\nadmin-c:        EESA1-AP\nupd-to:         noc-abuse@easy.my\nauth:           # Filtered\nmnt-by:         MAINT-EES-MY\nreferral-by:    APNIC-HM\nlast-modified:  2015-12-16T05:56:30Z\nsource:         APNIC
GENERATED-ARYPJYSLDCZPEXY3BZDHT6HL9GURFIA7-MNT,Auto-generated maintainer,AGMT2310-AFRINIC,,,,,afrinic,mntner:         GENERATED-ARYPJYSLDCZPEXY3BZDHT6HL9GURFIA7-MNT\ndescr:          Auto-generated maintainer\nadmin-c:        AGMT2310-AFRINIC\nupd-to:         ***@afrinic.net\nauth:           BCRYPT-PW # Filtered\nmnt-by:         AFRINIC-HM-MNT\nchanged:        ***@afrinic.net\nsource:         AFRINIC\n
ALVARION-IL-MNT,,DUMY-RIPE,,,2015-03-01,2015-03-01,ripe,"mntner:         ALVARION-IL-MNT\nadmin-c:        DUMY-RIPE\nupd-to:         unread@ripe.net\nauth:           MD5-PW $1$SaltSalt$DummifiedMD5HashValue.   # Real value hidden for security\nmnt-by:         ALVARION-IL-MNT\ncreated:        2015-03-01T09:21:00Z\nlast-modified:  2015-03-01T09:21:00Z\nsource:         RIPE\nremarks:        ****************************\nremarks:        * THIS OBJECT IS MODIFIED\nremarks:        * Please note that all data that is generally regarded as personal\nremarks:        * data has been removed from this object.\nremarks:        * To view the original object, please query the RIPE Database at:\nremarks:        * http://www.ripe.net/whois\nremarks:        ****************************\n"
JRK-RIPE,Maintainer for JS6497-RIPE and HKfree objects,JS6497-RIPE,,,2006-07-23,2015-07-08,ripe,"mntner:         JRK-RIPE\ndescr:          Maintainer for JS6497-RIPE and HKfree objects\nadmin-c:        JS6497-RIPE\nupd-to:         jrk@hkfree.org\nauth:           X509-2802\nauth:           SSO\nauth:           X509-1028\nremarks:        MD5 passwords older than November 2011 were removed from this maintainer, see: https://www.ripe.net/removed2011pw\nmnt-by:         JRK-RIPE\ncreated:        2006-07-23T09:57:44Z\nlast-modified:  2015-07-08T15:11:59Z\nsource:         RIPE"
GENERATED-NILAP02HITC60WWMDWODROQH0TZY02NI-MNT,Auto-generated maintainer,AGMT2310-AFRINIC,,,,,afrinic,mntner:         GENERATED-NILAP02HITC60WWMDWODROQH0TZY02NI-MNT\ndescr:          Auto-generated maintainer\nadmin-c:        AGMT2310-AFRINIC\nupd-to:         ***@afrinic.net\nauth:           BCRYPT-PW # Filtered\nmnt-by:         AFRINIC-HM-MNT\nchanged:        ***@afrinic.net\nsource:         AFRINIC\n
NITL-MNT,,DUMY-RIPE,,,2002-05-17,2019-03-04,ripe,"mntner:         NITL-MNT\nadmin-c:        DUMY-RIPE\nupd-to:         unread@ripe.net\nauth:           MD5-PW $1$SaltSalt$DummifiedMD5HashValue.   # Real value hidden for security\nmnt-by:         NITL-MNT\ncreated:        2002-05-17T13:22:24Z\nlast-modified:  2019-03-04T20:57:52Z\nsource:         RIPE\nremarks:        ****************************\nremarks:        * THIS OBJECT IS MODIFIED\nremarks:        * Please note that all data that is generally regarded as personal\nremarks:        * data has been removed from this object.\nremarks:        * To view the original object, please query the RIPE Database at:\nremarks:        * http://www.ripe.net/whois\nremarks:        ****************************\n"
LIR-IOROUTE-MNT,,DUMY-RIPE,,,2023-05-06,2023-05-06,ripe,"mntner:         Lir-ioroute-mnt\nadmin-c:        DUMY-RIPE\nupd-to:         unread@ripe.net\nauth:           MD5-PW $1$SaltSalt$DummifiedMD5HashValue.   # Real value hidden for security\nmnt-by:         Lir-ioroute-mnt\ncreated:        2023-05-06T15:46:03Z\nlast-modified:  2023-05-06T15:46:03Z\nsource:         RIPE\nremarks:        ****************************\nremarks:        * THIS OBJECT IS MODIFIED\nremarks:        * Please note that all data that is generally regarded as personal\nremarks:        * data has been removed from this object.\nremarks:        * To view the original object, please query the RIPE Database at:\nremarks:        * http://www.ripe.net/whois\nremarks:        ****************************\n"
MAINT-NSPLAJNCT-AU,Managed Networks NOC,MN1051-AP,MN1051-AP,,,2022-08-22,apnic,mntner:         MAINT-NSPLAJNCT-AU\ndescr:          Managed Networks NOC\ncountry:        AU\nadmin-c:        MN1051-AP\ntech-c:         MN1051-AP\nupd-to:         noc@managednet.com.au\nauth:           # Filtered\nmnt-by:         MAINT-NSPLAJNCT-AU\nreferral-by:    APNIC-HM\nlast-modified:  2022-08-22T12:30:24Z\nsource:         APNIC\n
MNT-RU-SERVGURU-1,Startup maintainer,TC6375-RIPE,TC6375-RIPE,,2019-07-25,2019-07-26,ripe,mntner:         mnt-ru-servguru-1\ndescr:          Startup maintainer\nadmin-c:        TC6375-RIPE\ntech-c:         TC6375-RIPE\nupd-to:         tsaplina@servgu.ru\nauth:           SSO\nauth:           SSO\nmnt-by:         mnt-ru-servguru-1\ncreated:        2019-07-25T09:19:34Z\nlast-modified:  2019-07-26T14:29:41Z\nsource:         RIPE
MNT-ZHENYI,You-Wei-Yi-Ware-Show-Ltd,WZB3-RIPE,,,2013-10-21,2013-10-25,ripe,mntner:         mnt-zhenyi\ndescr:          You-Wei-Yi-Ware-Show-Ltd\nadmin-c:        WZB3-RIPE\nupd-to:         noc@wewaglobal.com\nauth:           MD5-PW\nmnt-by:         mnt-zhenyi\ncreated:        2013-10-21T13:28:39Z\nlast-modified:  2013-10-25T15:41:41Z\nsource:         RIPE
ADM-MINORISA,,JMT113-RIPE,,,2017-02-22,2017-02-22,ripe,mntner:         adm-minorisa\nadmin-c:        JMT113-RIPE\nupd-to:         sistemes@minorisa.net\nauth:           SSO\nmnt-by:         adm-minorisa\ncreated:        2017-02-22T07:48:21Z\nlast-modified:  2017-02-22T07:48:21Z\nsource:         RIPE
GAMESERVERSUPPLY-MNT,,DUMY-RIPE,,,2024-04-20,2024-04-20,ripe,"mntner:         GAMESERVERSUPPLY-MNT\nadmin-c:        DUMY-RIPE\nupd-to:         unread@ripe.net\nauth:           MD5-PW $1$SaltSalt$DummifiedMD5HashValue.   # Real value hidden for security\nmnt-by:         GAMESERVERSUPPLY-MNT\ncreated:        2024-04-20T20:46:50Z\nlast-modified:  2024-04-20T20:46:50Z\nsource:         RIPE\nremarks:        ****************************\nremarks:        * THIS OBJECT IS MODIFIED\nremarks:        * Please note that all data that is generally regarded as personal\nremarks:        * data has been removed from this object.\nremarks:        * To view the original object, please query the RIPE Database at:\nremarks:        * http://www.ripe.net/whois\nremarks:        ****************************\n"
TELEKOM1B-MNT,,DUMY-RIPE,,,2007-11-17,2020-12-22,ripe,"mntner:         TELEKOM1B-MNT\nadmin-c:        DUMY-RIPE\nupd-to:         unread@ripe.net\nauth:           MD5-PW $1$SaltSalt$DummifiedMD5HashValue.   # Real value hidden for security\nmnt-by:         TELEKOM1B-MNT\ncreated:        2007-11-17T07:45:56Z\nlast-modified:  2020-12-22T08:48:50Z\nsource:         RIPE\nremarks:        ****************************\nremarks:        * THIS OBJECT IS MODIFIED\nremarks:        * Please note that all data that is generally regarded as personal\nremarks:        * data has been removed from this object.\nremarks:        * To view the original object, please query the RIPE Database at:\nremarks:        * http://www.ripe.net/whois\nremarks:        ****************************\n"
MAINT-BOC-LK,Bank Of Ceylon,BOCA1-AP,,,,2017-08-22,apnic,mntner:         MAINT-BOC-LK\ndescr:          Bank Of Ceylon\ncountry:        LK\nadmin-c:        BOCA1-AP\nupd-to:         netwk@boc.lk\nauth:           # Filtered\nmnt-by:         MAINT-BOC-LK\nreferral-by:    APNIC-HM\nlast-modified:  2017-08-22T12:33:57Z\nsource:         APNIC\n
MNT-MV,,DUMY-RIPE,,,2007-03-06,2007-03-06,ripe,"mntner:         MNT-MV\nadmin-c:        DUMY-RIPE\nupd-to:         unread@ripe.net\nmnt-by:         MNT-MV\ncreated:        2007-03-06T11:03:46Z\nlast-modified:  2007-03-06T11:43:25Z\nsource:         RIPE\nremarks:        ****************************\nremarks:        * THIS OBJECT IS MODIFIED\nremarks:        * Please note that all data that is generally regarded as personal\nremarks:        * data has been removed from this object.\nremarks:        * To view the original object, please query the RIPE Database at:\nremarks:        * http://www.ripe.net/whois\nremarks:        ****************************\n"
MAINT-AU-DIVERSIFIED-DATA,Diversified Data\n121 Laycock Rd\nPenshurst NSW 2222,DU12-AP,DU12-AP,,,2008-09-04,apnic,mntner:         MAINT-AU-DIVERSIFIED-DATA\nupd-to:         duzzell@saintspc.com.au\nauth:           # Filtered\ndescr:          Diversified Data\ndescr:          121 Laycock Rd\ndescr:          Penshurst NSW 2222\nadmin-c:        DU12-AP\ntech-c:         DU12-AP\ncountry:        AU\nmnt-nfy:        duzzell@saintspc.com.au\nreferral-by:    APNIC-HM\nmnt-by:         MAINT-AU-DIVERSIFIED-DATA\nremarks:        Spam Reports to spam@diversified.com.au\nlast-modified:  2008-09-04T07:28:50Z\nsource:         APNIC\n
DICKY-MAULANA-MNT,,DUMY-RIPE,,,2024-05-27,2024-05-27,ripe,"mntner:         DICKY-MAULANA-MNT\nadmin-c:        DUMY-RIPE\nupd-to:         unread@ripe.net\nauth:           MD5-PW $1$SaltSalt$DummifiedMD5HashValue.   # Real value hidden for security\nmnt-by:         DICKY-MAULANA-MNT\ncreated:        2024-05-27T02:20:35Z\nlast-modified:  2024-05-27T02:20:35Z\nsource:         RIPE\nremarks:        ****************************\nremarks:        * THIS OBJECT IS MODIFIED\nremarks:        * Please note that all data that is generally regarded as personal\nremarks:        * data has been removed from this object.\nremarks:        * To view the original object, please query the RIPE Database at:\nremarks:        * http://www.ripe.net/whois\nremarks:        ****************************\n"
MAINT-NETPARK-BD,G M Ali Ajgar,NCA8-AP,,,,2018-01-12,apnic,mntner:         MAINT-NETPARK-BD\ndescr:          G M Ali Ajgar\ncountry:        BD\nadmin-c:        NCA8-AP\nupd-to:         admin@netparkbd.net\nauth:           # Filtered\nmnt-by:         MAINT-NETPARK-BD\nreferral-by:    APNIC-HM\nlast-modified:  2018-01-12T06:33:00Z\nsource:         APNIC
MNT-ABZIEHER,,DUMY-RIPE,,,2020-12-08,2020-12-08,ripe,"mntner:         MNT-ABZIEHER\nadmin-c:        DUMY-RIPE\nupd-to:         unread@ripe.net\nauth:           MD5-PW $1$SaltSalt$DummifiedMD5HashValue.   # Real value hidden for security\nmnt-by:         MNT-ABZIEHER\ncreated:        2020-12-08T15:17:27Z\nlast-modified:  2020-12-08T15:17:27Z\nsource:         RIPE\nremarks:        ****************************\nremarks:        * THIS OBJECT IS MODIFIED\nremarks:        * Please note that all data that is generally regarded as personal\nremarks:        * data has been removed from this object.\nremarks:        * To view the original object, please query the RIPE Database at:\nremarks:        * http://www.ripe.net/whois\nremarks:        ****************************\n"
GENERATED-I1K4O5RZJOM8CQUJZNYWZGPIIGCE6DAB-MNT,Auto-generated maintainer,AGMT2310-AFRINIC,,,,,afrinic,mntner:         GENERATED-I1K4O5RZJOM8CQUJZNYWZGPIIGCE6DAB-MNT\ndescr:          Auto-generated maintainer\nadmin-c:        AGMT2310-AFRINIC\nupd-to:         ***@afrinic.net\nauth:           BCRYPT-PW # Filtered\nmnt-by:         AFRINIC-HM-MNT\nchanged:        ***@afrinic.net\nsource:         AFRINIC\n
MNT-LOUISVUITTON,Startup maintainer,CL6648-RIPE,,,2015-07-13,2017-11-07,ripe,mntner:         mnt-louisvuitton\ndescr:          Startup maintainer\nadmin-c:        CL6648-RIPE\nupd-to:         Samia.berkane@louisvuitton.com\nauth:           MD5-PW\nauth:           SSO\nauth:           SSO\nmnt-by:         mnt-louisvuitton\ncreated:        2015-07-13T08:52:05Z\nlast-modified:  2017-11-07T09:17:39Z\nsource:         RIPE
GENERATED-2UZIYOVIZXAK9BSJP9YHWLIEJ8YRIO4F-MNT,Auto-generated maintainer,AGMT2310-AFRINIC,,,,,afrinic,mntner:         GENERATED-2UZIYOVIZXAK9BSJP9YHWLIEJ8YRIO4F-MNT\ndescr:          Auto-generated maintainer\nadmin-c:        AGMT2310-AFRINIC\nupd-to:         ***@afrinic.net\nauth:           BCRYPT-PW # Filtered\nmnt-by:         AFRINIC-HM-MNT\nchanged:        ***@afrinic.net\nsource:         AFRINIC\n
ADFI-TECH,,DUMY-RIPE,,,2020-03-04,2020-10-30,ripe,"mntner:         ADFI-TECH\nadmin-c:        DUMY-RIPE\nupd-to:         unread@ripe.net\nauth:           MD5-PW $1$SaltSalt$DummifiedMD5HashValue.   # Real value hidden for security\nmnt-by:         ADFI-TECH\ncreated:        2020-03-04T11:01:01Z\nlast-modified:  2020-10-30T13:55:28Z\nsource:         RIPE\nremarks:        ****************************\nremarks:        * THIS OBJECT IS MODIFIED\nremarks:        * Please note that all data that is generally regarded as personal\nremarks:        * data has been removed from this object.\nremarks:        * To view the original object, please query the RIPE Database at:\nremarks:        * http://www.ripe.net/whois\nremarks:        ****************************\n"
KISLIK-MNT,,DUMY-RIPE,,,2021-01-06,2022-05-09,ripe,"mntner:         KISLIK-MNT\nadmin-c:        DUMY-RIPE\nupd-to:         unread@ripe.net\nauth:           MD5-PW $1$SaltSalt$DummifiedMD5HashValue.   # Real value hidden for security\nmnt-by:         KISLIK-MNT\ncreated:        2021-01-06T13:08:13Z\nlast-modified:  2022-05-09T20:09:37Z\nsource:         RIPE\nremarks:        ****************************\nremarks:        * THIS OBJECT IS MODIFIED\nremarks:        * Please note that all data that is generally regarded as personal\nremarks:        * data has been removed from this object.\nremarks:        * To view the original object, please query the RIPE Database at:\nremarks:        * http://www.ripe.net/whois\nremarks:        ****************************\n"
SUKHOI-57-MNT,,DUMY-RIPE,,,2023-04-19,2023-04-19,ripe,"mntner:         sukhoi-57-mnt\nadmin-c:        DUMY-RIPE\nupd-to:         unread@ripe.net\nauth:           MD5-PW $1$SaltSalt$DummifiedMD5HashValue.   # Real value hidden for security\nmnt-by:         sukhoi-57-mnt\ncreated:        2023-04-19T06:45:50Z\nlast-modified:  2023-04-19T06:45:50Z\nsource:         RIPE\nremarks:        ****************************\nremarks:        * THIS OBJECT IS MODIFIED\nremarks:        * Please note that all data that is generally regarded as personal\nremarks:        * data has been removed from this object.\nremarks:        * To view the original object, please query the RIPE Database at:\nremarks:        * http://www.ripe.net/whois\nremarks:        ****************************\n"
MNT-YUG,Progtech-Yug maintainer,PNA25-RIPE,,,2011-07-27,2016-05-06,ripe,mntner:         MNT-YUG\ndescr:          Progtech-Yug maintainer\nadmin-c:        PNA25-RIPE\nupd-to:         tehp@progtech-yug.ru\nauth:           MD5-PW\nauth:           SSO\nmnt-by:         MNT-YUG\ncreated:        2011-07-27T08:56:46Z\nlast-modified:  2016-05-06T12:11:24Z\nsource:         RIPE
CORENTO-MNT,,DUMY-RIPE,,,2023-12-11,2023-12-11,ripe,"mntner:         CORENTO-MNT\nadmin-c:        DUMY-RIPE\nupd-to:         unread@ripe.net\nauth:           MD5-PW $1$SaltSalt$DummifiedMD5HashValue.   # Real value hidden for security\nmnt-by:         CORENTO-MNT\ncreated:        2023-12-11T18:15:58Z\nlast-modified:  2023-12-11T18:15:58Z\nsource:         RIPE\nremarks:        ****************************\nremarks:        * THIS OBJECT IS MODIFIED\nremarks:        * Please note that all data that is generally regarded as personal\nremarks:        * data has been removed from this object.\nremarks:        * To view the original object, please query the RIPE Database at:\nremarks:        * http://www.ripe.net/whois\nremarks:        ****************************\n"
MAINT-DOHA-AU,Department of Health and Ageing,DOHA1-AP,DOHA1-AP,,,2012-05-15,apnic,mntner:         MAINT-DOHA-AU\ndescr:          Department of Health and Ageing\ncountry:        AU\nadmin-c:        DOHA1-AP\ntech-c:         DOHA1-AP\nupd-to:         enquiries@health.gov.au\nauth:           # Filtered\nmnt-by:         MAINT-DOHA-AU\nreferral-by:    APNIC-HM\nlast-modified:  2012-05-15T23:31:54Z\nsource:         APNIC\n
MAINT-CONVERGE-PH,"CONVERGE INFORMATION AND COMMUNICATIONS TECHNOLOGY SOLUTIONS, INC",CISI3-AP\nRRB3-AP,,,,2018-03-20,apnic,"mntner:         MAINT-CONVERGE-PH\ndescr:          CONVERGE INFORMATION AND COMMUNICATIONS TECHNOLOGY SOLUTIONS, INC\ncountry:        PH\nadmin-c:        CISI3-AP\nadmin-c:        RRB3-AP\nupd-to:         abuse@convergeict.com\nauth:           # Filtered\nmnt-by:         MAINT-CONVERGE-PH\nreferral-by:    APNIC-HM\nlast-modified:  2018-03-20T11:28:50Z\nsource:         APNIC"
MAINT-AP-PWC,Aaron Hill,AH165-AP,AH165-AP,,,2016-10-20,apnic,mntner:         MAINT-AP-PWC\ndescr:          Aaron Hill\ncountry:        AU\nadmin-c:        AH165-AP\ntech-c:         AH165-AP\nupd-to:         aaron.hill@au.pwcglobal.com\nmnt-nfy:        aaron.hill@au.pwcglobal.com\nauth:           # Filtered\nmnt-by:         MAINT-AP-PWC\nreferral-by:    APNIC-HM\nlast-modified:  2016-10-20T00:25:31Z\nsource:         APNIC
GENERATED-HFZLSTMDSVGEVEQSNDWQZZHPXKGZRVRO-MNT,Auto-generated maintainer,AGMT2310-AFRINIC,,,,,afrinic,mntner:         GENERATED-HFZLSTMDSVGEVEQSNDWQZZHPXKGZRVRO-MNT\ndescr:          Auto-generated maintainer\nadmin-c:        AGMT2310-AFRINIC\nupd-to:         ***@afrinic.net\nauth:           BCRYPT-PW # Filtered\nmnt-by:         AFRINIC-HM-MNT\nchanged:        ***@afrinic.net\nsource:         AFRINIC\n
OMNYA-MNT,,DUMY-RIPE,,,2020-08-05,2020-08-05,ripe,"mntner:         OMNYA-MNT\nadmin-c:        DUMY-RIPE\nupd-to:         unread@ripe.net\nauth:           MD5-PW $1$SaltSalt$DummifiedMD5HashValue.   # Real value hidden for security\nmnt-by:         OMNYA-MNT\ncreated:        2020-08-05T08:30:26Z\nlast-modified:  2020-08-05T08:30:26Z\nsource:         RIPE\nremarks:        ****************************\nremarks:        * THIS OBJECT IS MODIFIED\nremarks:        * Please note that all data that is generally regarded as personal\nremarks:        * data has been removed from this object.\nremarks:        * To view the original object, please query the RIPE Database at:\nremarks:        * http://www.ripe.net/whois\nremarks:        ****************************\n"
MAINT-MN-GMOBILE,"Technical department, Technology Division",TG154-AP,TG154-AP,,,2008-09-04,apnic,"mntner:         MAINT-MN-GMOBILE\nupd-to:         tulga@g-mobile.mn\nauth:           # Filtered\ndescr:          Technical department, Technology Division\nadmin-c:        TG154-AP\ntech-c:         TG154-AP\nreferral-by:    APNIC-HM\nmnt-by:         MAINT-MN-GMOBILE\nlast-modified:  2008-09-04T07:29:04Z\nsource:         APNIC\n"
MNTNET-KIENIT-SV1-MNT,,DUMY-RIPE,,,2024-05-09,2024-05-09,ripe,"mntner:         mntnet-KIENIT-SV1-MNT\nadmin-c:        DUMY-RIPE\nupd-to:         unread@ripe.net\nauth:           MD5-PW $1$SaltSalt$DummifiedMD5HashValue.   # Real value hidden for security\nmnt-by:         mntnet-KIENIT-SV1-MNT\ncreated:        2024-05-09T08:57:07Z\nlast-modified:  2024-05-09T08:57:07Z\nsource:         RIPE\nremarks:        ****************************\nremarks:        * THIS OBJECT IS MODIFIED\nremarks:        * Please note that all data that is generally regarded as personal\nremarks:        * data has been removed from this object.\nremarks:        * To view the original object, please query the RIPE Database at:\nremarks:        * http://www.ripe.net/whois\nremarks:        ****************************\n"
MAINT-NZ-ORION,This is a distribution list,SA3-NZ,SA3-NZ,,,2016-10-20,apnic,mntner:         MAINT-NZ-ORION\ndescr:          This is a distribution list\ncountry:        NZ\nadmin-c:        SA3-NZ\ntech-c:         SA3-NZ\nupd-to:         firewall@oriongroup.co.nz\nauth:           # Filtered\nmnt-nfy:        firewall@oriongroup.co.nz\nmnt-by:         MAINT-NZ-ORION\nreferral-by:    APNIC-HM\nlast-modified:  2016-10-20T00:54:54Z\nsource:         APNIC\n
MAINT-APEAGERSLTD-AU,A.P.Eagers Ltd,ALA10-AP,,,,2014-08-11,apnic,mntner:         MAINT-APEAGERSLTD-AU\ndescr:          A.P.Eagers Ltd\ncountry:        AU\nadmin-c:        ALA10-AP\nupd-to:         issadmin@apeagers.com.au\nauth:           # Filtered\nmnt-by:         MAINT-APEAGERSLTD-AU\nreferral-by:    APNIC-HM\nlast-modified:  2014-08-11T05:20:43Z\nsource:         APNIC\n
LN-LLX,LimeNet GmbH,LLLN\nAMLN,LLLN\nAMLN,,2018-01-11,2018-11-17,ripe,mntner:         LN-LLX\ndescr:          LimeNet GmbH\nadmin-c:        LLLN\nadmin-c:        AMLN\ntech-c:         LLLN\ntech-c:         AMLN\nupd-to:         noc@limenet.de\nauth:           SSO\nauth:           SSO\nauth:           MD5-PW\nmnt-by:         LN-LLX\ncreated:        2018-01-11T15:21:48Z\nlast-modified:  2018-11-17T12:16:51Z\nsource:         RIPE
MNT-ERX-JPBITNETASS-NON-JP,maintainer for JOIN and associated nic-hdl,JOIA1-AP,JOIA1-AP,,,2008-09-04,apnic,mntner:         MNT-ERX-JPBITNETASS-NON-JP\ndescr:          maintainer for JOIN and associated nic-hdl\nadmin-c:        JOIA1-AP\ntech-c:         JOIA1-AP\nnotify:         official@join.ad.jp\nmnt-by:         MNT-ERX-JPBITNETASS-NON-JP\nupd-to:         official@join.ad.jp\nauth:           # Filtered\nreferral-by:    APNIC-HM\nremarks:        ----------\nremarks:        synthesized from ARIN objects:\nremarks:        during import of network 157.20.0.0 - 157.20.255.255\nremarks:        ----------\nlast-modified:  2008-09-04T07:28:53Z\nsource:         APNIC\n
SE-CNS-AB-1-MNT,Startup maintainer,MH14591-RIPE,MH14591-RIPE\nKB5810-RIPE,,2015-04-22,2017-09-24,ripe,mntner:         se-cns-ab-1-mnt\ndescr:          Startup maintainer\nadmin-c:        MH14591-RIPE\ntech-c:         MH14591-RIPE\ntech-c:         KB5810-RIPE\nupd-to:         magnus.hansson@consulta.se\nauth:           SSO\nauth:           SSO\nauth:           SSO\nauth:           SSO\nmnt-by:         se-cns-ab-1-mnt\ncreated:        2015-04-22T08:47:21Z\nlast-modified:  2017-09-24T18:17:32Z\nsource:         RIPE
SN-NICO-MNT,,DUMY-RIPE,,,2024-03-06,2024-03-06,ripe,"mntner:         sn-nico-mnt\nadmin-c:        DUMY-RIPE\nupd-to:         unread@ripe.net\nauth:           MD5-PW $1$SaltSalt$DummifiedMD5HashValue.   # Real value hidden for security\nmnt-by:         sn-nico-mnt\ncreated:        2024-03-06T22:39:33Z\nlast-modified:  2024-03-06T22:39:33Z\nsource:         RIPE\nremarks:        ****************************\nremarks:        * THIS OBJECT IS MODIFIED\nremarks:        * Please note that all data that is generally regarded as personal\nremarks:        * data has been removed from this object.\nremarks:        * To view the original object, please query the RIPE Database at:\nremarks:        * http://www.ripe.net/whois\nremarks:        ****************************\n"
IPMEN,,DM16989-RIPE,,,2019-08-20,2019-08-20,ripe,mntner:         ipmen\nadmin-c:        DM16989-RIPE\nupd-to:         ip@serversget.com\nauth:           SSO\nmnt-by:         ipmen\ncreated:        2019-08-20T18:16:44Z\nlast-modified:  2019-08-20T18:16:44Z\nsource:         RIPE
TEBZISTBONYAN,,DUMY-RIPE,,,2016-11-01,2016-11-01,ripe,"mntner:         TebzistBonyan\nadmin-c:        DUMY-RIPE\nupd-to:         unread@ripe.net\nauth:           MD5-PW $1$SaltSalt$DummifiedMD5HashValue.   # Real value hidden for security\nmnt-by:         TebzistBonyan\ncreated:        2016-11-01T07:46:33Z\nlast-modified:  2016-11-01T07:46:33Z\nsource:         RIPE\nremarks:        ****************************\nremarks:        * THIS OBJECT IS MODIFIED\nremarks:        * Please note that all data that is generally regarded as personal\nremarks:        * data has been removed from this object.\nremarks:        * To view the original object, please query the RIPE Database at:\nremarks:        * http://www.ripe.net/whois\nremarks:        ****************************\n"
MARION,,DUMY-RIPE,,,2013-12-10,2017-03-31,ripe,"mntner:         Marion\nadmin-c:        DUMY-RIPE\nupd-to:         unread@ripe.net\nauth:           MD5-PW $1$SaltSalt$DummifiedMD5HashValue.   # Real value hidden for security\nmnt-by:         Marion\ncreated:        2013-12-10T15:24:14Z\nlast-modified:  2017-03-31T06:46:41Z\nsource:         RIPE\nremarks:        ****************************\nremarks:        * THIS OBJECT IS MODIFIED\nremarks:        * Please note that all data that is generally regarded as personal\nremarks:        * data has been removed from this object.\nremarks:        * To view the original object, please query the RIPE Database at:\nremarks:        * http://www.ripe.net/whois\nremarks:        ****************************\n"
MNT-DE-KSLTEAM-1,Startup maintainer,DM16523-RIPE,DM16523-RIPE,,2018-12-12,2018-12-12,ripe,mntner:         mnt-de-kslteam-1\ndescr:          Startup maintainer\nadmin-c:        DM16523-RIPE\ntech-c:         DM16523-RIPE\nupd-to:         ripe@ksl-team.de\nauth:           SSO\nmnt-by:         mnt-de-kslteam-1\ncreated:        2018-12-12T15:45:59Z\nlast-modified:  2018-12-12T15:45:59Z\nsource:         RIPE
GENERATED-Z5EUJHVJVXHSEYJSXO1RHMDFBKGFHC1C-MNT,Auto-generated maintainer,AGMT2310-AFRINIC,,,,,afrinic,mntner:         GENERATED-Z5EUJHVJVXHSEYJSXO1RHMDFBKGFHC1C-MNT\ndescr:          Auto-generated maintainer\nadmin-c:        AGMT2310-AFRINIC\nupd-to:         ***@afrinic.net\nauth:           BCRYPT-PW # Filtered\nmnt-by:         AFRINIC-HM-MNT\nchanged:        ***@afrinic.net\nsource:         AFRINIC\n
MNT-MNE-99X-TMP,,MTT70-RIPE,,,2017-01-31,2017-02-01,ripe,mntner:         MNT-MNE-99x-TMP\nadmin-c:        MTT70-RIPE\nupd-to:         joakim@mnemonic.no\nauth:           SSO\nauth:           SSO\nauth:           MD5-PW\nmnt-by:         MNT-MNE-99x-TMP\ncreated:        2017-01-31T15:02:21Z\nlast-modified:  2017-02-01T10:40:42Z\nsource:         RIPE
MAINT-AU-PS132-AP,Robin Frousheger,RF72-AP,RF72-AP,,,2008-09-04,apnic,mntner:         MAINT-AU-PS132-AP\nmnt-nfy:        Robin.Frousheger@village-roadshow.com\nupd-to:         Robin.Frousheger@village-roadshow.com\nauth:           # Filtered\nnotify:         Robin.Frousheger@village-roadshow.com\ndescr:          Robin Frousheger\nadmin-c:        RF72-AP\ntech-c:         RF72-AP\nmnt-by:         MAINT-AU-RF72-AP\nremarks:        Old PS6-AU account taken over by Robin Frousheger\nreferral-by:    APNIC-HM\nlast-modified:  2008-09-04T07:28:29Z\nsource:         APNIC\n
ABRARVAN,AbrArvan maintainer object,FHFA-RIPE,,,2018-05-09,2019-06-25,ripe,mntner:         AbrArvan\ndescr:          AbrArvan maintainer object\nadmin-c:        FHFA-RIPE\nupd-to:         lir@arvan.ir\nauth:           SSO\nauth:           SSO\nmnt-by:         AbrArvan\ncreated:        2018-05-09T17:07:53Z\nlast-modified:  2019-06-25T09:32:37Z\nsource:         RIPE
JV2018_MNT,,DUMY-RIPE,,,2018-10-10,2018-10-10,ripe,"mntner:         JV2018_MNT\nadmin-c:        DUMY-RIPE\nupd-to:         unread@ripe.net\nauth:           MD5-PW $1$SaltSalt$DummifiedMD5HashValue.   # Real value hidden for security\nmnt-by:         JV2018_MNT\ncreated:        2018-10-10T09:33:28Z\nlast-modified:  2018-10-10T09:33:28Z\nsource:         RIPE\nremarks:        ****************************\nremarks:        * THIS OBJECT IS MODIFIED\nremarks:        * Please note that all data that is generally regarded as personal\nremarks:        * data has been removed from this object.\nremarks:        * To view the original object, please query the RIPE Database at:\nremarks:        * http://www.ripe.net/whois\nremarks:        ****************************\n"
MAINT-FASTMAILPRESSLTD-AP,Fastmail Press LTD,FPLA8-AP,,,,2016-07-13,apnic,mntner:         MAINT-FASTMAILPRESSLTD-AP\ndescr:          Fastmail Press LTD\ncountry:        GB\nadmin-c:        FPLA8-AP\nupd-to:         abuse@fastmail.press\nauth:           # Filtered\nmnt-by:         MAINT-FASTMAILPRESSLTD-AP\nreferral-by:    APNIC-HM\nlast-modified:  2016-07-13T04:32:34Z\nsource:         APNIC\n
MAINT-ID-DJSHOST,"PT Jafri Sentosa\nRuko Mall Klender Blok B III No. 19\nJl. I Gusti Ngurah Rai, Klender, Duren Sawit, Jakarta Timur, 13470",RS1344-AP,RS1344-AP,,,2018-03-13,idnic,"mntner:         MAINT-ID-DJSHOST\ndescr:          PT Jafri Sentosa\ndescr:          Ruko Mall Klender Blok B III No. 19\ndescr:          Jl. I Gusti Ngurah Rai, Klender, Duren Sawit, Jakarta Timur, 13470\nadmin-c:        RS1344-AP\nupd-to:         admin@djshost.com\nmnt-by:         MAINT-ID-DJSHOST\nauth:           # Filtered\ntech-c:         RS1344-AP\nlast-modified:  2018-03-13T08:57:29Z\nsource:         IDNIC\n"
GENERATED-QOKIDLNLAJRYE4CGZRQ0O6IGXSNYEDHR-MNT,Auto-generated maintainer,AGMT2310-AFRINIC,,,,,afrinic,mntner:         GENERATED-QOKIDLNLAJRYE4CGZRQ0O6IGXSNYEDHR-MNT\ndescr:          Auto-generated maintainer\nadmin-c:        AGMT2310-AFRINIC\nauth:           BCRYPT-PW # Filtered\nmnt-by:         AFRINIC-HM-MNT\nupd-to:         ***@afrinic.net\nchanged:        ***@afrinic.net\nsource:         AFRINIC\n
GENERATED-LGYLCTGYKHNPUIOPTE3SXRN0WZBLDDQH-MNT,Auto-generated maintainer,AGMT2310-AFRINIC,,,,,afrinic,mntner:         GENERATED-LGYLCTGYKHNPUIOPTE3SXRN0WZBLDDQH-MNT\ndescr:          Auto-generated maintainer\nadmin-c:        AGMT2310-AFRINIC\nauth:           BCRYPT-PW # Filtered\nmnt-by:         AFRINIC-HM-MNT\nupd-to:         ***@afrinic.net\nchanged:        ***@afrinic.net\nsource:         AFRINIC\n
APRYLYPA-MNT,,DUMY-RIPE,,,2023-02-14,2023-02-14,ripe,"mntner:         aprylypa-MNT\nadmin-c:        DUMY-RIPE\nupd-to:         unread@ripe.net\nauth:           MD5-PW $1$SaltSalt$DummifiedMD5HashValue.   # Real value hidden for security\nmnt-by:         aprylypa-MNT\ncreated:        2023-02-14T19:00:43Z\nlast-modified:  2023-02-14T19:00:43Z\nsource:         RIPE\nremarks:        ****************************\nremarks:        * THIS OBJECT IS MODIFIED\nremarks:        * Please note that all data that is generally regarded as personal\nremarks:        * data has been removed from this object.\nremarks:        * To view the original object, please query the RIPE Database at:\nremarks:        * http://www.ripe.net/whois\nremarks:        ****************************\n"
SEPANTA-MNT,Maintainer for objects of Sepanta Network Solutions,KMH104,KMH104,,2005-12-06,2018-08-10,ripe,mntner:         SEPANTA-MNT\ndescr:          Maintainer for objects of Sepanta Network Solutions\nadmin-c:        KMH104\ntech-c:         KMH104\nupd-to:         kiarash@sepanta.net\nupd-to:         a.karimi@sepanta.net\nauth:           MD5-PW\nauth:           SSO\nauth:           SSO\nmnt-by:         SEPANTA-MNT\ncreated:        2005-12-06T15:14:21Z\nlast-modified:  2018-08-10T15:02:10Z\nsource:         RIPE
MAINT-AU-FRV,Maintainer for Fire Rescue Victoria,MA932-AP,MA932-AP,,,2022-09-19,apnic,mntner:         MAINT-AU-FRV\ndescr:          Maintainer for Fire Rescue Victoria\ncountry:        AU\nadmin-c:        MA932-AP\ntech-c:         MA932-AP\nupd-to:         networksupport@frv.vic.gov.au\nauth:           # Filtered\nmnt-by:         MAINT-AU-FRV\nlast-modified:  2022-09-19T10:31:02Z\nsource:         APNIC\n
MAINT-NTTGDC-TH,NTT Global Data Centers (Thailand) Limited,NGDC1-AP,NGDC1-AP,,,2020-07-10,apnic,mntner:         MAINT-NTTGDC-TH\ndescr:          NTT Global Data Centers (Thailand) Limited\ncountry:        TH\nadmin-c:        NGDC1-AP\ntech-c:         NGDC1-AP\nupd-to:         nttapac.th.isp-op@global.ntt\nauth:           # Filtered\nmnt-by:         MAINT-NTTGDC-TH\nreferral-by:    APNIC-HM\nlast-modified:  2020-07-10T04:41:56Z\nsource:         APNIC\n
MNT-UA-VELYCHKO1-1,Startup maintainer,VV4309-RIPE,VV4309-RIPE,,2019-09-09,2019-09-09,ripe,mntner:         mnt-ua-velychko1-1\ndescr:          Startup maintainer\nadmin-c:        VV4309-RIPE\ntech-c:         VV4309-RIPE\nupd-to:         velychko.lir@gmail.com\nauth:           SSO\nmnt-by:         mnt-ua-velychko1-1\ncreated:        2019-09-09T11:53:02Z\nlast-modified:  2019-09-09T11:53:02Z\nsource:         RIPE
