id,name,address,street,city,state,postalcode,country,admin_id,tech_id,abuse_id,mnt_id,email,domain,created,updated,source,raw
C05428826,"PITTCO MANAGEMENT, LLC - HANGER MEMPHIS INTER",,2418 WINCHESTER RD,MEMPHIS,TN,38116-3814,US,,,,,,,2014-10-31,2014-10-31,arin,"OrgID:          C05428826\nOrgName:        PITTCO MANAGEMENT, LLC - HANGER MEMPHIS INTER\nCanAllocate:    \nStreet:         2418 WINCHESTER RD\nCity:           MEMPHIS\nState/Prov:     TN\nCountry:        US\nPostalCode:     38116-3814\nRegDate:        2014-10-31\nUpdated:        2014-10-31\nSource:         ARIN\n"
C00152296,MONG-THAM KHUZADI,,2623 AMINO RAMON,SAN RAMON,CA,94583,US,,,,,,,2001-02-23,2018-07-19,arin,OrgID:          C00152296\nOrgName:        MONG-THAM KHUZADI\nCanAllocate:    \nStreet:         2623 AMINO RAMON\nCity:           SAN RAMON\nState/Prov:     CA\nCountry:        US\nPostalCode:     94583\nRegDate:        2001-02-23\nUpdated:        2018-07-19\nSource:         ARIN\n
ORG-GHCU1-RIPE,GBI HQ B.V.,"Qatar Science & Technology Park Tech 1, Level 2,\nP.O. Box 210 1\nDoha\nQATAR",,,,,,HA5167-RIPE,,AR39921-RIPE,RIPE-NCC-HM-MNT\NGBIINC-MNT,legal@gbiinc.com,gbiinc.com,2017-04-11,2024-06-22,ripe,"organisation:   ORG-GHCU1-RIPE\norg-name:       GBI HQ B.V.\ncountry:        NL\norg-type:       LIR\naddress:        Qatar Science & Technology Park Tech 1, Level 2,\naddress:        P.O. Box 210 1\naddress:        Doha\naddress:        QATAR\nphone:          +31615080268\ne-mail:         legal@gbiinc.com\nadmin-c:        HA5167-RIPE\ntech-c:         HA5167-RIPE\nabuse-c:        AR39921-RIPE\nmnt-ref:        GBIINC-MNT\nmnt-by:         RIPE-NCC-HM-MNT\nmnt-by:         GBIINC-MNT\ncreated:        2017-04-11T10:22:46Z\nlast-modified:  2024-06-22T21:38:47Z\nsource:         RIPE\n\nrole:           Abuse-C Role\naddress:        Qatar Science & Technology Park Tech 1, Level 2,\naddress:        P.O. Box 210 1\naddress:        Doha\naddress:        QATAR\ne-mail:         ipnoc@gbiinc.com\nnic-hdl:        AR39921-RIPE\nabuse-mailbox:  ipnoc@gbiinc.com\nmnt-by:         GBIINC-MNT\ncreated:        2017-04-11T10:22:45Z\nlast-modified:  2024-06-22T21:30:44Z\nsource:         RIPE\n\nperson:         Haziq Abbas\naddress:        Suite 201 Tech-1 Qatar Science and Technology Park , Doha Qatar\nphone:          +97470231400\nnic-hdl:        HA5167-RIPE\nmnt-by:         GBIINC-MNT\ncreated:        2024-06-22T21:31:52Z\nlast-modified:  2024-11-15T09:46:49Z\nsource:         RIPE\ne-mail:         habbas@gbiinc.com"
C07917075,APPLE CO ATT,,420 N Mary Avenue,CUPERTINO,CA,95014-2083,US,,,,,,apple.com,2021-06-08,2021-06-08,arin,OrgID:          C07917075\nOrgName:        APPLE CO ATT\nCanAllocate:    \nStreet:         420 N Mary Avenue\nCity:           CUPERTINO\nState/Prov:     CA\nCountry:        US\nPostalCode:     95014-2083\nRegDate:        2021-06-08\nUpdated:        2021-06-08\nSource:         ARIN\n
C04786073,Ingenico,,6430 Shiloh Road East,Alpharetta,GA,30005,US,,,,,,ingenico.com,2013-12-02,2014-04-04,arin,OrgID:          C04786073\nOrgName:        Ingenico\nCanAllocate:    \nStreet:         6430 Shiloh Road East\nCity:           Alpharetta\nState/Prov:     GA\nCountry:        US\nPostalCode:     30005\nRegDate:        2013-12-02\nUpdated:        2014-04-04\nSource:         ARIN\n
ORG-IA1274-RIPE,IAT AS,Toldbodvej 1\n6700 Esbjerg,,,,,,PAO25-RIPE,,,TELIANET-LIR,pao@iat.dk,iat.dk,2014-07-01,2017-10-30,ripe,organisation:   ORG-IA1274-RIPE\norg-name:       IAT AS\norg-type:       OTHER\ndescr:          Transportation company\naddress:        Toldbodvej 1\naddress:        6700 Esbjerg\nphone:          +45 79131000\ne-mail:         pao@iat.dk\nadmin-c:        PAO25-RIPE\ntech-c:         PAO25-RIPE\nref-nfy:        mntripe@telia.net\nnotify:         mntripe@telia.net\nmnt-by:         TELIANET-LIR\nmnt-ref:        TELIANET-LIR\ncreated:        2014-07-01T12:30:30Z\nlast-modified:  2017-10-30T16:29:38Z\nsource:         RIPE\n\nperson:         Poul Arne Olsen\naddress:        IAT AS\naddress:        Toldbodvej 1\naddress:        6700 Esbjerg\ne-mail:         pao@iat.dk\nphone:          +45 79131000\nnic-hdl:        PAO25-RIPE\nnotify:         mntripe@telia.net\nmnt-by:         TELIANET-LIR\ncreated:        2014-07-01T12:30:30Z\nlast-modified:  2014-07-01T12:30:30Z\nsource:         RIPE
C07116887,CLASSIC SECURITY DOOR SYSTEM INC,,1824  CARGO CT,LOUISVILLE,KY,40299,US,,,,,,,2018-10-25,2018-10-25,arin,OrgID:          C07116887\nOrgName:        CLASSIC SECURITY DOOR SYSTEM INC\nCanAllocate:    \nStreet:         1824  CARGO CT\nCity:           LOUISVILLE\nState/Prov:     KY\nCountry:        US\nPostalCode:     40299\nRegDate:        2018-10-25\nUpdated:        2018-10-25\nSource:         ARIN\n
ORG-OTD2-RIPE,OOO Trini Data,Belinsky 156-100\n620142 Yekaterinburg\nRussian Federation,,,,,,OTD6-RIPE,,FGK10-RIPE,FGK-MNT,serge-index@ya.ru,ya.ru,2019-04-23,2024-02-05,ripe,organisation:   ORG-OTD2-RIPE\norg-name:       OOO Trini Data\norg-type:       OTHER\naddress:        Belinsky 156-100\naddress:        620142 Yekaterinburg\naddress:        Russian Federation\nphone:          +7 9122321108\ne-mail:         serge-index@ya.ru\nadmin-c:        OTD6-RIPE\ntech-c:         OTD6-RIPE\nabuse-c:        FGK10-RIPE\nmnt-ref:        FGK-MNT\nmnt-by:         FGK-MNT\ncreated:        2019-04-23T15:36:59Z\nlast-modified:  2024-02-05T07:44:09Z\nsource:         RIPE\n\nrole:           Hostmaster velia.net\naddress:        Hostmaster of the day\naddress:        velia.net Internetdienste GmbH\naddress:        Hessen-Homburg-Platz 1\naddress:        D-63452 Hanau\naddress:        Germany\ne-mail:         hostmaster@velia.net\nadmin-c:        FGK-RIPE\nadmin-c:        FEH-RIPE\nnic-hdl:        FGK10-RIPE\nremarks:        +-------------------------------------------------------+\nremarks:        + - mail to abuse@velia.net for abuse related issues! - +\nremarks:        +-------------------------------------------------------+\nnotify:         net-ripe@velia.net\nmnt-by:         FGK-MNT\ncreated:        2001-12-12T17:50:59Z\nlast-modified:  2024-02-14T11:49:17Z\nsource:         RIPE\nabuse-mailbox:  abuse@velia.net\n\nrole:           OOO Trini Data\naddress:        Belinsky 156-100\naddress:        620142 Yekaterinburg\naddress:        Russian Federation\nphone:          +7 9122321108\ne-mail:         serge-index@ya.ru\nnic-hdl:        OTD6-RIPE\nmnt-by:         FGK-MNT\ncreated:        2019-04-23T15:36:59Z\nlast-modified:  2024-02-05T07:44:09Z\nsource:         RIPE
C01108368,DELCON HEATING & AIR CONDITION-050604022518,,Private Address,Plano,TX,75075,US,,,,,,,2005-06-04,2018-07-19,arin,OrgID:          C01108368\nOrgName:        DELCON HEATING & AIR CONDITION-050604022518\nCanAllocate:    \nStreet:         Private Address\nCity:           Plano\nState/Prov:     TX\nCountry:        US\nPostalCode:     75075\nRegDate:        2005-06-04\nUpdated:        2018-07-19\nSource:         ARIN\n
C02080640,PRIVATE MINI STORAGE-081031131444,,Private Address,Plano,TX,75075,US,,,,,,houstonprivateministorage.com,2008-10-31,2018-07-19,arin,OrgID:          C02080640\nOrgName:        PRIVATE MINI STORAGE-081031131444\nCanAllocate:    \nStreet:         Private Address\nCity:           Plano\nState/Prov:     TX\nCountry:        US\nPostalCode:     75075\nRegDate:        2008-10-31\nUpdated:        2018-07-19\nSource:         ARIN\n
C06260993,Private Customer - AT&T Internet Services,,Private Residence,Richardson,TX,75080,US,,,,,,,2016-11-18,2018-07-19,arin,OrgID:          C06260993\nOrgName:        Private Customer - AT&T Internet Services\nCanAllocate:    \nStreet:         Private Residence\nCity:           Richardson\nState/Prov:     TX\nCountry:        US\nPostalCode:     75080\nRegDate:        2016-11-18\nUpdated:        2018-07-19\nSource:         ARIN\n
C09397482,Private Customer - AT&T Internet Services,,Private Residence,Richardson,TX,75082,US,,,,,,,2023-04-24,2023-04-24,arin,OrgID:          C09397482\nOrgName:        Private Customer - AT&T Internet Services\nCanAllocate:    \nStreet:         Private Residence\nCity:           Richardson\nState/Prov:     TX\nCountry:        US\nPostalCode:     75082\nRegDate:        2023-04-24\nUpdated:        2023-04-24\nSource:         ARIN\n
CSAOL,CPX SLC AIRPORT OPAG LLC,,52 N TOMMY THOMPSON RD,SALT LAKE CITY,UT,84116,US,FARIN17-ARIN,FARIN17-ARIN,FARIN17-ARIN,,,atlanticone.net,2013-04-01,2013-04-01,arin,OrgID:          CSAOL\nOrgName:        CPX SLC AIRPORT OPAG LLC\nCanAllocate:    \nStreet:         52 N TOMMY THOMPSON RD\nCity:           SALT LAKE CITY\nState/Prov:     UT\nCountry:        US\nPostalCode:     84116\nRegDate:        2013-04-01\nUpdated:        2013-04-01\nOrgAdminHandle: FARIN17-ARIN\nOrgTechHandle:  FARIN17-ARIN\nOrgAbuseHandle: FARIN17-ARIN\nSource:         ARIN\n\n\nPOCHandle:      FARIN17-ARIN\nIsRole:         N\nLastName:       FARINA\nFirstName:      JOHN\nStreet:         52 N TOMMY THOMPSON RD\nCity:           SALT LAKE CITY\nState/Prov:     UT\nCountry:        US\nPostalCode:     84116\nRegDate:        2013-04-01\nUpdated:        2013-04-01\nOfficePhone:    +1-407-472-3034\nMailbox:        jfarina@atlanticone.net\nSource:         ARIN\n
CCSB1,CRU Colutions Smart Building #1,,7261 Engle Road #305,Middleburg Heights,OH,44130,US,JK810-ARIN,JK810-ARIN,JK810-ARIN,,,crusolutions.com,2002-06-27,2011-09-24,arin,"OrgID:          CCSB1\nOrgName:        CRU Colutions Smart Building #1\nCanAllocate:    \nStreet:         7261 Engle Road #305\nCity:           Middleburg Heights\nState/Prov:     OH\nCountry:        US\nPostalCode:     44130\nRegDate:        2002-06-27\nUpdated:        2011-09-24\nOrgAdminHandle: JK810-ARIN\nOrgTechHandle:  JK810-ARIN\nOrgAbuseHandle: JK810-ARIN\nSource:         ARIN\n\n\nPOCHandle:      JK810-ARIN\nIsRole:         N\nLastName:       KERR\nFirstName:      JIM\nStreet:         greatexp\nStreet:         7261 Engle Rd, Ste 305\nCity:           Middleburg Hts\nState/Prov:     OH\nCountry:        US\nPostalCode:     44130\nRegDate:        2000-06-16\nUpdated:        2020-05-18\nOfficePhone:    +1-440-891-0330\nMailbox:        jim.kerr@crusolutions.com\nSource:         ARIN\n"
C02049037,SHERRY SMITH-080923213015,,Private Address,Plano,TX,75075,US,,,,,,,2008-09-23,2018-07-19,arin,OrgID:          C02049037\nOrgName:        SHERRY SMITH-080923213015\nCanAllocate:    \nStreet:         Private Address\nCity:           Plano\nState/Prov:     TX\nCountry:        US\nPostalCode:     75075\nRegDate:        2008-09-23\nUpdated:        2018-07-19\nSource:         ARIN\n
C01808255,EDDIE CHEN,,14208 SE 281ST PL,KENT,WA,98042,US,,,,,,bmwclub.com.tw,2007-11-21,2017-11-01,arin,OrgID:          C01808255\nOrgName:        EDDIE CHEN\nCanAllocate:    \nStreet:         14208 SE 281ST PL\nCity:           KENT\nState/Prov:     WA\nCountry:        US\nPostalCode:     98042\nRegDate:        2007-11-21\nUpdated:        2017-11-01\nSource:         ARIN\n
C11011859,CHEP,,5530 SR 6,TUNKHANNOCK,PA,18657,US,,,,,,chep.com,2024-11-09,2024-11-09,arin,OrgID:          C11011859\nOrgName:        CHEP\nCanAllocate:    \nStreet:         5530 SR 6\nCity:           TUNKHANNOCK\nState/Prov:     PA\nCountry:        US\nPostalCode:     18657\nRegDate:        2024-11-09\nUpdated:        2024-11-09\nSource:         ARIN\n
C00970585,PPPoX Pool - Rback4 WCHTKS 050303-1923.480351,,Private Address,Plano,TX,75075,US,,,,,,,2004-12-13,2018-07-19,arin,OrgID:          C00970585\nOrgName:        PPPoX Pool - Rback4 WCHTKS 050303-1923.480351\nCanAllocate:    \nStreet:         Private Address\nCity:           Plano\nState/Prov:     TX\nCountry:        US\nPostalCode:     75075\nRegDate:        2004-12-13\nUpdated:        2018-07-19\nSource:         ARIN\n
C02311808,McDonalds Wayport,,406 E. Oak St,Jena,LA,71342,US,,,,,,,2009-09-09,2018-08-14,arin,OrgID:          C02311808\nOrgName:        McDonalds Wayport\nCanAllocate:    \nStreet:         406 E. Oak St\nCity:           Jena\nState/Prov:     LA\nCountry:        US\nPostalCode:     71342\nRegDate:        2009-09-09\nUpdated:        2018-08-14\nSource:         ARIN\n
C07799883,Patriot Bank N.A.,,900 Bedford Street,Stamford,CT,06901,US,,,,,,bankpatriot.com,2021-03-08,2021-03-08,arin,OrgID:          C07799883\nOrgName:        Patriot Bank N.A.\nCanAllocate:    \nStreet:         900 Bedford Street\nCity:           Stamford\nState/Prov:     CT\nCountry:        US\nPostalCode:     06901\nRegDate:        2021-03-08\nUpdated:        2021-03-08\nSource:         ARIN\n
PHA-760,PenTeleData House Account,,540 DELAWARE AVE,PALMERTON,PA,18071-1911,US,HOSTM2013-ARIN,HOSTM2013-ARIN,ADP13-ARIN,,,,2015-03-12,2015-03-12,arin,OrgID:          PHA-760\nOrgName:        PenTeleData House Account\nCanAllocate:    \nStreet:         540 DELAWARE AVE\nCity:           PALMERTON\nState/Prov:     PA\nCountry:        US\nPostalCode:     18071-1911\nRegDate:        2015-03-12\nUpdated:        2015-03-12\nOrgAdminHandle: HOSTM2013-ARIN\nOrgTechHandle:  HOSTM2013-ARIN\nOrgAbuseHandle: ADP13-ARIN\nSource:         ARIN\n\n\nPOCHandle:      HOSTM2013-ARIN\nIsRole:         N\nLastName:       Hostmaster\nFirstName:      PenTeleData\nStreet:         540 Delaware Ave\nCity:           Palmerton\nState/Prov:     PA\nCountry:        US\nPostalCode:     18071\nRegDate:        2015-03-02\nUpdated:        2024-01-16\nOfficePhone:    +1-570-825-1520\nMailbox:        dns-request@ptd.net\nSource:         ARIN\n\n\nPOCHandle:      ADP13-ARIN\nIsRole:         N\nLastName:       Abuse Dept.\nFirstName:      PenTeleData\nStreet:         540 Delaware Ave\nCity:           Palmerton\nState/Prov:     PA\nCountry:        US\nPostalCode:     18071\nRegDate:        2015-03-02\nUpdated:        2024-06-21\nOfficePhone:    +1-800-281-3564\nMailbox:        abuse@ptd.net\nSource:         ARIN\n
SPS-338,SANDERS PLUMBING SUPPLY,,5704 S PERKINS RD,STILLWATER,OK,74074,US,NAVAR144-ARIN,NAVAR144-ARIN,NAVAR144-ARIN,,,sanderssupply.net,2018-11-17,2018-11-17,arin,OrgID:          SPS-338\nOrgName:        SANDERS PLUMBING SUPPLY\nCanAllocate:    \nStreet:         5704 S PERKINS RD\nCity:           STILLWATER\nState/Prov:     OK\nCountry:        US\nPostalCode:     74074\nRegDate:        2018-11-17\nUpdated:        2018-11-17\nOrgAdminHandle: NAVAR144-ARIN\nOrgTechHandle:  NAVAR144-ARIN\nOrgAbuseHandle: NAVAR144-ARIN\nSource:         ARIN\n\n\nPOCHandle:      NAVAR144-ARIN\nIsRole:         N\nLastName:       Navarre\nFirstName:      Warren\nStreet:         5704 PERKINS RD\nCity:           PAYNE COUNTY\nState/Prov:     OK\nCountry:        US\nPostalCode:     74074\nRegDate:        2018-11-17\nUpdated:        2018-11-17\nOfficePhone:    +1-501-321-9511\nMailbox:        wnavarre@sanderssupply.net\nSource:         ARIN\n
C01995128,Private Customer - SBC Internet Services,,Private Residence,Richardson,TX,75080,US,,,,,,,2008-07-29,2018-07-19,arin,OrgID:          C01995128\nOrgName:        Private Customer - SBC Internet Services\nCanAllocate:    \nStreet:         Private Residence\nCity:           Richardson\nState/Prov:     TX\nCountry:        US\nPostalCode:     75080\nRegDate:        2008-07-29\nUpdated:        2018-07-19\nSource:         ARIN\n
C05921076,Community HEALTH CENTRE OTTAWA RIC,,1365 RICHMOND RD,OTTAWA,ON,K2B 6R7,CA,,,,,,,2015-09-30,2017-01-06,arin,OrgID:          C05921076\nOrgName:        Community HEALTH CENTRE OTTAWA RIC\nCanAllocate:    \nStreet:         1365 RICHMOND RD\nCity:           OTTAWA\nState/Prov:     ON\nCountry:        CA\nPostalCode:     K2B 6R7\nRegDate:        2015-09-30\nUpdated:        2017-01-06\nSource:         ARIN\n
C00798344,CapitalNetworkSltns,,Private Address,San Francisco,CA,94107,US,,,,,,,2004-04-07,2018-07-19,arin,OrgID:          C00798344\nOrgName:        CapitalNetworkSltns\nCanAllocate:    \nStreet:         Private Address\nCity:           San Francisco\nState/Prov:     CA\nCountry:        US\nPostalCode:     94107\nRegDate:        2004-04-07\nUpdated:        2018-07-19\nSource:         ARIN\n
GALLAU,Gallaudet University,,"Information Technology Services\n800 Florida Avenue, NE",Washington,DC,20002-3625,US,GUNOC-ARIN,GUNOC-ARIN\NSCOTT1318-ARIN,GUNOC-ARIN,GUNOC-ARIN,,gallaudet.edu,1986-09-24,2024-07-03,arin,"OrgID:          GALLAU\nOrgName:        Gallaudet University\nCanAllocate:    \nStreet:         Information Technology Services\nStreet:         800 Florida Avenue, NE\nCity:           Washington\nState/Prov:     DC\nCountry:        US\nPostalCode:     20002-3625\nRegDate:        1986-09-24\nUpdated:        2024-07-03\nOrgAdminHandle: GUNOC-ARIN\nOrgTechHandle:  GUNOC-ARIN\nOrgTechHandle:  SCOTT1318-ARIN\nOrgAbuseHandle: GUNOC-ARIN\nOrgNOCHandle:   GUNOC-ARIN\nSource:         ARIN\n\n\nPOCHandle:      GUNOC-ARIN\nIsRole:         Y\nLastName:       GU-NOC\nFirstName:      \nStreet:         800 Florida Ave NE\nCity:           Washington\nState/Prov:     DC\nCountry:        US\nPostalCode:     20002\nRegDate:        2024-06-27\nUpdated:        2024-06-27\nOfficePhone:    +1-202-250-2312\nMailbox:        gts.net@gallaudet.edu\nSource:         ARIN\n\n\nPOCHandle:      SCOTT1318-ARIN\nIsRole:         N\nLastName:       Scotton\nFirstName:      John\nStreet:         800 Florida Ave, NE\nStreet:         Edward M. Gallaudet Building B06\nCity:           Washington\nState/Prov:     DC\nCountry:        US\nPostalCode:     20002\nRegDate:        2024-06-20\nUpdated:        2024-07-01\nOfficePhone:    +1-202-250-2312\nMailbox:        jay.scotton@gallaudet.edu\nSource:         ARIN\n"
C08851806,CINCINNATI INC,,7420 KILBY RD,CINCINNATI,OH,45030,US,,,,,,e-ci.com,2022-08-30,2022-08-30,arin,OrgID:          C08851806\nOrgName:        CINCINNATI INC\nCanAllocate:    \nStreet:         7420 KILBY RD\nCity:           CINCINNATI\nState/Prov:     OH\nCountry:        US\nPostalCode:     45030\nRegDate:        2022-08-30\nUpdated:        2022-08-30\nSource:         ARIN\n
C02116001,GAHH LLC-081215172005,,Private Address,Plano,TX,75075,US,,,,,,gahh.com,2008-12-15,2018-07-19,arin,OrgID:          C02116001\nOrgName:        GAHH LLC-081215172005\nCanAllocate:    \nStreet:         Private Address\nCity:           Plano\nState/Prov:     TX\nCountry:        US\nPostalCode:     75075\nRegDate:        2008-12-15\nUpdated:        2018-07-19\nSource:         ARIN\n
C07939669,"AQUABLUE, LLC DBA ITL GLOBAL-",,225 W ILLINOIS,CHGO,IL,60654,US,,,,,,,2021-06-26,2021-06-26,arin,"OrgID:          C07939669\nOrgName:        AQUABLUE, LLC DBA ITL GLOBAL-\nCanAllocate:    \nStreet:         225 W ILLINOIS\nCity:           CHGO\nState/Prov:     IL\nCountry:        US\nPostalCode:     60654\nRegDate:        2021-06-26\nUpdated:        2021-06-26\nSource:         ARIN\n"
C08585788,MBM- NEWMAN,,240  COWETA INDUSTRIAL PKWY,NEWNAN,GA,30265-2320,US,,,,,,,2022-06-11,2022-06-11,arin,OrgID:          C08585788\nOrgName:        MBM- NEWMAN\nCanAllocate:    \nStreet:         240  COWETA INDUSTRIAL PKWY\nCity:           NEWNAN\nState/Prov:     GA\nCountry:        US\nPostalCode:     30265-2320\nRegDate:        2022-06-11\nUpdated:        2022-06-11\nSource:         ARIN\n
C10364393,SOUTH CAROLINA DIVISION OF ST,,7473 PARKLANE ROAD,COLUMBIA,SC,29223,US,,,,,,bellsouth.net,2023-11-02,2023-11-02,arin,OrgID:          C10364393\nOrgName:        SOUTH CAROLINA DIVISION OF ST\nCanAllocate:    \nStreet:         7473 PARKLANE ROAD\nCity:           COLUMBIA\nState/Prov:     SC\nCountry:        US\nPostalCode:     29223\nRegDate:        2023-11-02\nUpdated:        2023-11-02\nSource:         ARIN\n
C10824608,Saswata Mukherjee,,Purba Bardhaman,West Bengal,,713101,IN,,,,,,saswatamcode.tech,2024-04-25,2024-04-25,arin,OrgID:          C10824608\nOrgName:        Saswata Mukherjee\nCanAllocate:    \nStreet:         Purba Bardhaman\nCity:           West Bengal\nState/Prov:     NA\nCountry:        IN\nPostalCode:     713101\nRegDate:        2024-04-25\nUpdated:        2024-04-25\nSource:         ARIN\n
ORG-VA23054-RIPE,VNET-org-86.110.236.11,Namestie Hraniciarov 39\nBratislava\n811 07 Slovakia,,,,,,,,VA26794-RIPE,VNET-MNT,86.110.236.11@abuse.vnet.sk,vnet.sk,2015-10-28,2015-10-28,ripe,organisation:   ORG-VA23054-RIPE\norg-name:       VNET-org-86.110.236.11\norg-type:       OTHER\naddress:        Namestie Hraniciarov 39\naddress:        Bratislava\naddress:        811 07 Slovakia\nabuse-c:        VA26794-RIPE\ne-mail:         86.110.236.11@abuse.vnet.sk\nmnt-by:         VNET-MNT\nmnt-ref:        VNET-MNT\ncreated:        2015-10-28T15:28:17Z\nlast-modified:  2015-10-28T15:28:17Z\nsource:         RIPE\n\nrole:           VNET-abuse-86.110.236.11\naddress:        Namestie Hraniciarov 39\naddress:        Bratislava\naddress:        811 07 Slovakia\ne-mail:         86.110.236.11@abuse.vnet.sk\nabuse-mailbox:  86.110.236.11@abuse.vnet.sk\nmnt-by:         VNET-MNT\nnic-hdl:        VA26794-RIPE\ncreated:        2015-10-28T15:28:17Z\nlast-modified:  2015-10-28T15:28:17Z\nsource:         RIPE
C10203147,THE BOELTER COMPANIES INC,,9960 BUSINESS PARK DR  SUIT 120,SAC,CA,95827,US,,,,,,boelter.com,2023-09-27,2023-09-27,arin,OrgID:          C10203147\nOrgName:        THE BOELTER COMPANIES INC\nCanAllocate:    \nStreet:         9960 BUSINESS PARK DR  SUIT 120\nCity:           SAC\nState/Prov:     CA\nCountry:        US\nPostalCode:     95827\nRegDate:        2023-09-27\nUpdated:        2023-09-27\nSource:         ARIN\n
C00869389,FREIRICH KATZ L L C-040723045005,,Private Address,Plano,TX,75075,US,,,,,,,2004-07-23,2018-07-19,arin,OrgID:          C00869389\nOrgName:        FREIRICH KATZ L L C-040723045005\nCanAllocate:    \nStreet:         Private Address\nCity:           Plano\nState/Prov:     TX\nCountry:        US\nPostalCode:     75075\nRegDate:        2004-07-23\nUpdated:        2018-07-19\nSource:         ARIN\n
C08977226,Private Customer - AT&T Internet Services,,Private Residence,Richardson,TX,75082,US,,,,,,,2022-10-25,2022-10-25,arin,OrgID:          C08977226\nOrgName:        Private Customer - AT&T Internet Services\nCanAllocate:    \nStreet:         Private Residence\nCity:           Richardson\nState/Prov:     TX\nCountry:        US\nPostalCode:     75082\nRegDate:        2022-10-25\nUpdated:        2022-10-25\nSource:         ARIN\n
C02549668,NORTH MISSISSIPPI ORAL and MAXILLOFAC - JAN LAN,,1043 S MADISON ST,TUPELO,MS,38804,US,,,,,,,2010-07-21,2018-09-10,arin,OrgID:          C02549668\nOrgName:        NORTH MISSISSIPPI ORAL and MAXILLOFAC - JAN LAN\nCanAllocate:    \nStreet:         1043 S MADISON ST\nCity:           TUPELO\nState/Prov:     MS\nCountry:        US\nPostalCode:     38804\nRegDate:        2010-07-21\nUpdated:        2018-09-10\nSource:         ARIN\n
C06962843,IGLOO BUILDING SUPPLIES GROUP LTD.,,3777 Kingsway,Burnaby,BC,V5H 3Z7,CA,,,,,,igloo.ca,2018-04-21,2018-04-21,arin,OrgID:          C06962843\nOrgName:        IGLOO BUILDING SUPPLIES GROUP LTD.\nCanAllocate:    \nStreet:         3777 Kingsway\nCity:           Burnaby\nState/Prov:     BC\nCountry:        CA\nPostalCode:     V5H 3Z7\nRegDate:        2018-04-21\nUpdated:        2018-04-21\nSource:         ARIN\n
C08844117,Soopertech Software Solutions,,Habsiguda,secundabad,,500076,IN,,,,,,,2022-08-26,2022-08-26,arin,OrgID:          C08844117\nOrgName:        Soopertech Software Solutions\nCanAllocate:    \nStreet:         Habsiguda\nCity:           secundabad\nState/Prov:     \nCountry:        IN\nPostalCode:     500076\nRegDate:        2022-08-26\nUpdated:        2022-08-26\nSource:         ARIN\n
C07775637,ALARM ALERT CENTER INC,,7876 STAGE HILLS BLVD,BARTLETT,TN,38133,US,,,,,,alarmalertcenter.com,2021-02-24,2021-02-24,arin,OrgID:          C07775637\nOrgName:        ALARM ALERT CENTER INC\nCanAllocate:    \nStreet:         7876 STAGE HILLS BLVD\nCity:           BARTLETT\nState/Prov:     TN\nCountry:        US\nPostalCode:     38133\nRegDate:        2021-02-24\nUpdated:        2021-02-24\nSource:         ARIN\n
C07136799,ESG ENT INC,,7710 BALBOA AVE STE 309,SAN DIEGO,CA,92111,US,,,,,,,2018-10-25,2018-10-25,arin,OrgID:          C07136799\nOrgName:        ESG ENT INC\nCanAllocate:    \nStreet:         7710 BALBOA AVE STE 309\nCity:           SAN DIEGO\nState/Prov:     CA\nCountry:        US\nPostalCode:     92111\nRegDate:        2018-10-25\nUpdated:        2018-10-25\nSource:         ARIN\n
C07737931,JAG HEALTHCARE SCIOTO POINTE,,740 CANONBY PL,COLUMBUS,OH,43223,US,,,,,,,2021-01-25,2021-01-25,arin,OrgID:          C07737931\nOrgName:        JAG HEALTHCARE SCIOTO POINTE\nCanAllocate:    \nStreet:         740 CANONBY PL\nCity:           COLUMBUS\nState/Prov:     OH\nCountry:        US\nPostalCode:     43223\nRegDate:        2021-01-25\nUpdated:        2021-01-25\nSource:         ARIN\n
C07886015,ROBERT H.Y. LEONG AND CO,,1164 BISHOP ST,HONOLULU,HI,96813,US,,,,,,,2021-05-10,2021-05-10,arin,OrgID:          C07886015\nOrgName:        ROBERT H.Y. LEONG AND CO\nCanAllocate:    \nStreet:         1164 BISHOP ST\nCity:           HONOLULU\nState/Prov:     HI\nCountry:        US\nPostalCode:     96813\nRegDate:        2021-05-10\nUpdated:        2021-05-10\nSource:         ARIN\n
C07960707,"DUTCH BROS., LLC CA4402",,5923 19TH ST   1,LUBBOCK,TX,79407,US,,,,,,,2021-07-18,2021-07-18,arin,"OrgID:          C07960707\nOrgName:        DUTCH BROS., LLC CA4402\nCanAllocate:    \nStreet:         5923 19TH ST   1\nCity:           LUBBOCK\nState/Prov:     TX\nCountry:        US\nPostalCode:     79407\nRegDate:        2021-07-18\nUpdated:        2021-07-18\nSource:         ARIN\n"
C01665600,PEEL INC-070626202929,,Private Address,Plano,TX,75075,US,,,,,,peel.com,2007-06-26,2018-07-19,arin,OrgID:          C01665600\nOrgName:        PEEL INC-070626202929\nCanAllocate:    \nStreet:         Private Address\nCity:           Plano\nState/Prov:     TX\nCountry:        US\nPostalCode:     75075\nRegDate:        2007-06-26\nUpdated:        2018-07-19\nSource:         ARIN\n
C01150986,MEREDITH HAMILTON-050809125913,,Private Address,Plano,TX,75075,US,,,,,,meredithhamilton.design,2005-08-09,2018-07-19,arin,OrgID:          C01150986\nOrgName:        MEREDITH HAMILTON-050809125913\nCanAllocate:    \nStreet:         Private Address\nCity:           Plano\nState/Prov:     TX\nCountry:        US\nPostalCode:     75075\nRegDate:        2005-08-09\nUpdated:        2018-07-19\nSource:         ARIN\n
C05539045,Agropur cooperative,,3200 Dickson,Montreal,QC,H1N 2K1,CA,,,,,,agropur.com,2014-12-23,2014-12-23,arin,OrgID:          C05539045\nOrgName:        Agropur cooperative\nCanAllocate:    \nStreet:         3200 Dickson\nCity:           Montreal\nState/Prov:     QC\nCountry:        CA\nPostalCode:     H1N 2K1\nRegDate:        2014-12-23\nUpdated:        2014-12-23\nSource:         ARIN\n
C01696122,S M ESTATE MANAGEMENT INC-070802215436,,Private Address,Plano,TX,75075,US,,,,,,,2007-08-03,2018-07-19,arin,OrgID:          C01696122\nOrgName:        S M ESTATE MANAGEMENT INC-070802215436\nCanAllocate:    \nStreet:         Private Address\nCity:           Plano\nState/Prov:     TX\nCountry:        US\nPostalCode:     75075\nRegDate:        2007-08-03\nUpdated:        2018-07-19\nSource:         ARIN\n
C05923450,Altmid ROLL AND ASSOCIATES GREENSBORO,,1120 FINCH AV,NORTH YORK,ON,M3J 3H7,CA,,,,,,,2015-10-01,2017-01-06,arin,OrgID:          C05923450\nOrgName:        Altmid ROLL AND ASSOCIATES GREENSBORO\nCanAllocate:    \nStreet:         1120 FINCH AV\nCity:           NORTH YORK\nState/Prov:     ON\nCountry:        CA\nPostalCode:     M3J 3H7\nRegDate:        2015-10-01\nUpdated:        2017-01-06\nSource:         ARIN\n
C09072533,Private Customer - AT&T Internet Services,,Private Residence,Richardson,TX,75082,US,,,,,,,2022-12-10,2022-12-10,arin,OrgID:          C09072533\nOrgName:        Private Customer - AT&T Internet Services\nCanAllocate:    \nStreet:         Private Residence\nCity:           Richardson\nState/Prov:     TX\nCountry:        US\nPostalCode:     75082\nRegDate:        2022-12-10\nUpdated:        2022-12-10\nSource:         ARIN\n
C02447515,Transbeam,,20 West 36th Street\n2nd Floor,New York,NY,10018,US,,,,,,transbeam.com,2010-03-22,2011-03-19,arin,OrgID:          C02447515\nOrgName:        Transbeam\nCanAllocate:    \nStreet:         20 West 36th Street\nStreet:         2nd Floor\nCity:           New York\nState/Prov:     NY\nCountry:        US\nPostalCode:     10018\nRegDate:        2010-03-22\nUpdated:        2011-03-19\nSource:         ARIN\n
C02367693,FAMILY LEAGUE OF BALTIMORE INC,,2305 CHARLES ST,BALTIMORE,MD,21218,US,,,,,,youthprisepos.org,2009-12-01,2017-06-19,arin,OrgID:          C02367693\nOrgName:        FAMILY LEAGUE OF BALTIMORE INC\nCanAllocate:    \nStreet:         2305 CHARLES ST\nCity:           BALTIMORE\nState/Prov:     MD\nCountry:        US\nPostalCode:     21218\nRegDate:        2009-12-01\nUpdated:        2017-06-19\nSource:         ARIN\n
C08594978,FORCHT BANK ITM CUMBERLAND,,61  HUTTON DR,WILLIAMSBURG,KY,40769-1620,US,,,,,,,2022-06-11,2022-06-11,arin,OrgID:          C08594978\nOrgName:        FORCHT BANK ITM CUMBERLAND\nCanAllocate:    \nStreet:         61  HUTTON DR\nCity:           WILLIAMSBURG\nState/Prov:     KY\nCountry:        US\nPostalCode:     40769-1620\nRegDate:        2022-06-11\nUpdated:        2022-06-11\nSource:         ARIN\n
C09992984,Kaopucloud-ID,,"Indonesia,Jakarta",Jakarta,,,ID,,,,,,,2023-08-16,2023-08-16,arin,"OrgID:          C09992984\nOrgName:        Kaopucloud-ID\nCanAllocate:    \nStreet:         Indonesia,Jakarta\nCity:           Jakarta\nState/Prov:     \nCountry:        ID\nPostalCode:     \nRegDate:        2023-08-16\nUpdated:        2023-08-16\nSource:         ARIN\n"
C02029307,Mendocino Community Networks,,1825 HIGHWAY 128,PHILO,CA,95466,US,,,,,,,2008-09-05,2012-02-13,arin,OrgID:          C02029307\nOrgName:        Mendocino Community Networks\nCanAllocate:    \nStreet:         1825 HIGHWAY 128\nCity:           PHILO\nState/Prov:     CA\nCountry:        US\nPostalCode:     95466\nRegDate:        2008-09-05\nUpdated:        2012-02-13\nSource:         ARIN\n
C09413757,Private Customer - AT&T Internet Services,,Private Residence,Richardson,TX,75082,US,,,,,,,2023-04-25,2023-04-25,arin,OrgID:          C09413757\nOrgName:        Private Customer - AT&T Internet Services\nCanAllocate:    \nStreet:         Private Residence\nCity:           Richardson\nState/Prov:     TX\nCountry:        US\nPostalCode:     75082\nRegDate:        2023-04-25\nUpdated:        2023-04-25\nSource:         ARIN\n
C06239930,Allied Solutions LLC,,PO Box 262625,Plano,TX,75026,US,,,,,,alliedsolutions.net,2016-10-19,2016-10-19,arin,OrgID:          C06239930\nOrgName:        Allied Solutions LLC\nCanAllocate:    \nStreet:         PO Box 262625\nCity:           Plano\nState/Prov:     TX\nCountry:        US\nPostalCode:     75026\nRegDate:        2016-10-19\nUpdated:        2016-10-19\nSource:         ARIN\n
C05977109,The ROYAL OAK AJAX,,617 VICTORIA ST,WHITBY,ON,L1N 0E4,CA,,,,,,,2015-12-01,2017-01-06,arin,OrgID:          C05977109\nOrgName:        The ROYAL OAK AJAX\nCanAllocate:    \nStreet:         617 VICTORIA ST\nCity:           WHITBY\nState/Prov:     ON\nCountry:        CA\nPostalCode:     L1N 0E4\nRegDate:        2015-12-01\nUpdated:        2017-01-06\nSource:         ARIN\n
NKCH,North Kansas City Hospital,,Information Systems\n2800 Clay Edwards Drive,North Kansas City,MO,,US,JP225-ARIN,JP225-ARIN,JP225-ARIN,,,nkch.org,1994-09-21,2011-09-24,arin,OrgID:          NKCH\nOrgName:        North Kansas City Hospital\nCanAllocate:    \nStreet:         Information Systems\nStreet:         2800 Clay Edwards Drive\nCity:           North Kansas City\nState/Prov:     MO\nCountry:        US\nPostalCode:     \nRegDate:        1994-09-21\nUpdated:        2011-09-24\nOrgAdminHandle: JP225-ARIN\nOrgTechHandle:  JP225-ARIN\nOrgAbuseHandle: JP225-ARIN\nSource:         ARIN\n\n\nPOCHandle:      JP225-ARIN\nIsRole:         N\nLastName:       Pein\nFirstName:      Jeb\nStreet:         North Kansas City Hospital\nStreet:         Information Systems\nStreet:         2800 Clay Edwards Drive\nCity:           North Kansas City\nState/Prov:     MO\nCountry:        US\nPostalCode:     64116-3281\nRegDate:        1994-09-21\nUpdated:        1994-09-21\nOfficePhone:    +1-816-691-0208\nSource:         ARIN\n
C08162507,"NTT GLOBAL NETWORKS, INC",,1717 ENGLISH RD,HIGH POINT,NC,27262,US,,,,,,nttglobal.net,2022-01-12,2022-01-12,arin,"OrgID:          C08162507\nOrgName:        NTT GLOBAL NETWORKS, INC\nCanAllocate:    \nStreet:         1717 ENGLISH RD\nCity:           HIGH POINT\nState/Prov:     NC\nCountry:        US\nPostalCode:     27262\nRegDate:        2022-01-12\nUpdated:        2022-01-12\nSource:         ARIN\n"
OPHTHA-2,OPHTHALMIC SURGEONS,,3200 S COUNTRY CLUB WY,TEMPE,AZ,85282,US,IO-ORG-ARIN,IO-ORG-ARIN,IO-ORG-ARIN,,,uswest.net,2001-10-17,2011-09-24,arin,OrgID:          OPHTHA-2\nOrgName:        OPHTHALMIC SURGEONS\nCanAllocate:    \nStreet:         3200 S COUNTRY CLUB WY\nCity:           TEMPE\nState/Prov:     AZ\nCountry:        US\nPostalCode:     85282\nRegDate:        2001-10-17\nUpdated:        2011-09-24\nOrgAdminHandle: IO-ORG-ARIN\nOrgTechHandle:  IO-ORG-ARIN\nOrgAbuseHandle: IO-ORG-ARIN\nSource:         ARIN\n\n\nPOCHandle:      IO-ORG-ARIN\nIsRole:         Y\nLastName:       Internet Operations U S WEST\nFirstName:      \nStreet:         600 Stinson Blvd\nCity:           Minneapolis\nState/Prov:     MN\nCountry:        US\nPostalCode:     55413\nRegDate:        1999-01-14\nUpdated:        2012-07-06\nOfficePhone:    +1-800-672-8520\nFaxPhone:       +1-612-672-8537\nMailbox:        dns-info@uswest.net\nSource:         ARIN\n
C09279296,LEN STOLER,,11275  REISTERSTOWN RD,OWINGS MILLS,MD,21117,US,,,,,,lenstoler.com,2023-03-06,2023-03-06,arin,OrgID:          C09279296\nOrgName:        LEN STOLER\nCanAllocate:    \nStreet:         11275  REISTERSTOWN RD\nCity:           OWINGS MILLS\nState/Prov:     MD\nCountry:        US\nPostalCode:     21117\nRegDate:        2023-03-06\nUpdated:        2023-03-06\nSource:         ARIN\n
C07616094,JASPER COUNTY MEDICAL CENTER,,1609 S MARGARET,KIRBYVILLE,TX,75956,US,,,,,,,2020-08-12,2020-08-12,arin,OrgID:          C07616094\nOrgName:        JASPER COUNTY MEDICAL CENTER\nCanAllocate:    \nStreet:         1609 S MARGARET\nCity:           KIRBYVILLE\nState/Prov:     TX\nCountry:        US\nPostalCode:     75956\nRegDate:        2020-08-12\nUpdated:        2020-08-12\nSource:         ARIN\n
C01557099,DAVE TINNERY-070128232305,,Private Address,Plano,TX,75075,US,,,,,,,2007-01-29,2018-07-19,arin,OrgID:          C01557099\nOrgName:        DAVE TINNERY-070128232305\nCanAllocate:    \nStreet:         Private Address\nCity:           Plano\nState/Prov:     TX\nCountry:        US\nPostalCode:     75075\nRegDate:        2007-01-29\nUpdated:        2018-07-19\nSource:         ARIN\n
C01422500,VOURNAS COFFEE TRADING-060811212027,,Private Address,Plano,TX,75075,US,,,,,,vournascoffee.com,2006-08-12,2018-07-19,arin,OrgID:          C01422500\nOrgName:        VOURNAS COFFEE TRADING-060811212027\nCanAllocate:    \nStreet:         Private Address\nCity:           Plano\nState/Prov:     TX\nCountry:        US\nPostalCode:     75075\nRegDate:        2006-08-12\nUpdated:        2018-07-19\nSource:         ARIN\n
C07094155,ALCAM MEDICAL INC,,1533 S GRAND AVE,SANTA ANA,CA,92705,US,,,,,,alcammedical.com,2018-10-24,2018-10-24,arin,OrgID:          C07094155\nOrgName:        ALCAM MEDICAL INC\nCanAllocate:    \nStreet:         1533 S GRAND AVE\nCity:           SANTA ANA\nState/Prov:     CA\nCountry:        US\nPostalCode:     92705\nRegDate:        2018-10-24\nUpdated:        2018-10-24\nSource:         ARIN\n
OWEP-2,OSCAR WILSON ENGINES & PARTS,,826 LONE STAR DR,O FALLON,MO,63366,US,MAHLI-ARIN,MAHLI-ARIN,MAHLI-ARIN,,,oscar-wilson.com,2017-10-01,2017-10-01,arin,OrgID:          OWEP-2\nOrgName:        OSCAR WILSON ENGINES & PARTS\nCanAllocate:    \nStreet:         826 LONE STAR DR\nCity:           O FALLON\nState/Prov:     MO\nCountry:        US\nPostalCode:     63366\nRegDate:        2017-10-01\nUpdated:        2017-10-01\nOrgAdminHandle: MAHLI-ARIN\nOrgTechHandle:  MAHLI-ARIN\nOrgAbuseHandle: MAHLI-ARIN\nSource:         ARIN\n\n\nPOCHandle:      MAHLI-ARIN\nIsRole:         N\nLastName:       MAHLIN\nFirstName:      NICK\nStreet:         826 LONE STAR DR\nCity:           O FALLON\nState/Prov:     MO\nCountry:        US\nPostalCode:     63366\nRegDate:        2017-10-01\nUpdated:        2018-10-01\nOfficePhone:    +1-636-379-7468\nMailbox:        nmahlin@oscar-wilson.com\nSource:         ARIN\n
C01132691,A ADVANTAGE WAREHOUSE-050714082318,,Private Address,Plano,TX,75075,US,,,,,,,2005-07-14,2018-07-19,arin,OrgID:          C01132691\nOrgName:        A ADVANTAGE WAREHOUSE-050714082318\nCanAllocate:    \nStreet:         Private Address\nCity:           Plano\nState/Prov:     TX\nCountry:        US\nPostalCode:     75075\nRegDate:        2005-07-14\nUpdated:        2018-07-19\nSource:         ARIN\n
ORG-WTL7-AP,WEBSITE TECHNOLOGY LIMITED,FLAT/RM B 12/F\nHANG SENG CAUSEWAY BAY BLDG\n28 YEE WO STREET,,,,,HK,,,,APNIC-HM,jack@netsignory.com,netsignory.com,,2023-12-06,apnic,organisation:   ORG-WTL7-AP\norg-name:       WEBSITE TECHNOLOGY LIMITED\norg-type:       LIR\ncountry:        HK\naddress:        FLAT/RM B 12/F\naddress:        HANG SENG CAUSEWAY BAY BLDG\naddress:        28 YEE WO STREET\nphone:          +852-59775634\ne-mail:         jack@netsignory.com\nmnt-ref:        APNIC-HM\nmnt-by:         APNIC-HM\nlast-modified:  2023-12-06T13:08:00Z\nsource:         APNIC\n
C08327970,SMK NUTRA MAKERS,,906 MURRAY RD,EAST HANOVER,NJ,07936,US,,,,,,,2022-04-18,2022-04-18,arin,OrgID:          C08327970\nOrgName:        SMK NUTRA MAKERS\nCanAllocate:    \nStreet:         906 MURRAY RD\nCity:           EAST HANOVER\nState/Prov:     NJ\nCountry:        US\nPostalCode:     07936\nRegDate:        2022-04-18\nUpdated:        2022-04-18\nSource:         ARIN\n
C03016208,EDGECRAF CORP,,1 Unavailable Street,AVONDALE,PA,19311,US,,,,,,,2012-06-07,2017-11-01,arin,OrgID:          C03016208\nOrgName:        EDGECRAF CORP\nCanAllocate:    \nStreet:         1 Unavailable Street\nCity:           AVONDALE\nState/Prov:     PA\nCountry:        US\nPostalCode:     19311\nRegDate:        2012-06-07\nUpdated:        2017-11-01\nSource:         ARIN\n
C01296164,COFFEYVILLE REGIONA-060301005652,,Private Address,Plano,TX,75075,US,,,,,,,2006-03-01,2018-07-19,arin,OrgID:          C01296164\nOrgName:        COFFEYVILLE REGIONA-060301005652\nCanAllocate:    \nStreet:         Private Address\nCity:           Plano\nState/Prov:     TX\nCountry:        US\nPostalCode:     75075\nRegDate:        2006-03-01\nUpdated:        2018-07-19\nSource:         ARIN\n
GEOMED-1,GEO Media,,10540 Creston Dr,Los Altos,CA,94024,US,DG744-ARIN,DG744-ARIN,DG744-ARIN,,,,2000-10-12,2011-09-24,arin,OrgID:          GEOMED-1\nOrgName:        GEO Media\nCanAllocate:    \nStreet:         10540 Creston Dr\nCity:           Los Altos\nState/Prov:     CA\nCountry:        US\nPostalCode:     94024\nRegDate:        2000-10-12\nUpdated:        2011-09-24\nOrgAdminHandle: DG744-ARIN\nOrgTechHandle:  DG744-ARIN\nOrgAbuseHandle: DG744-ARIN\nSource:         ARIN\n\n\nPOCHandle:      DG744-ARIN\nIsRole:         N\nLastName:       George\nFirstName:      Dean\nStreet:         GEO Media\nStreet:         10540 Creston Dr\nCity:           Los Altos\nState/Prov:     CA\nCountry:        US\nPostalCode:     94024\nRegDate:        2000-10-12\nUpdated:        2000-10-12\nOfficePhone:    +1-408-733-1707\nMailbox:        dgeo@earthlink.net\nSource:         ARIN\n
C00347670,George Williamson,,268 Bush St,San Francisco,CA,94104,US,,,,,,patentattorneymississippi.com,2002-07-25,2018-07-19,arin,OrgID:          C00347670\nOrgName:        George Williamson\nCanAllocate:    \nStreet:         268 Bush St\nCity:           San Francisco\nState/Prov:     CA\nCountry:        US\nPostalCode:     94104\nRegDate:        2002-07-25\nUpdated:        2018-07-19\nSource:         ARIN\n
ORG-CUIP3-RIPE,"Charles University in Prague, Faculty of Pharmacy in Hradec Kralove","Charles University in Prague, Faculty of Pharmacy in Hradec Kralove\nHeyrovskeho 1203\nHradec Kralove\n500 05\nThe Czech Republic",,,,,,CUFO2-RIPE,,CUFO2-RIPE,TENCZ-MNT,office.foreign@faf.cuni.cz,cuni.cz,2013-07-09,2017-10-30,ripe,"organisation:   ORG-CUIP3-RIPE\norg-name:       Charles University in Prague, Faculty of Pharmacy in Hradec Kralove\norg-type:       OTHER\naddress:        Charles University in Prague, Faculty of Pharmacy in Hradec Kralove\naddress:        Heyrovskeho 1203\naddress:        Hradec Kralove\naddress:        500 05\naddress:        The Czech Republic\nphone:          +420 495 067 111\nfax-no:         +420 495 551 656\ne-mail:         office.foreign@faf.cuni.cz\norg:            ORG-CA9-RIPE\nadmin-c:        CUFO2-RIPE\ntech-c:         CUFO2-RIPE\nabuse-c:        CUFO2-RIPE\nref-nfy:        Rudisar@faf.cuni.cz\nmnt-ref:        TENCZ-MNT\nmnt-by:         TENCZ-MNT\ncreated:        2013-07-09T15:29:49Z\nlast-modified:  2017-10-30T14:35:25Z\nsource:         RIPE\n\nrole:           Charles University Faculty of Pharmacy Network Admins\naddress:        Charles University in Prague, Faculty of Pharmacy in Hradec Kralove\naddress:        Heyrovskeho 1203\naddress:        Hradec Kralove\naddress:        500 05\naddress:        The Czech Republic\nphone:          +420 495 067 473\nfax-no:         +420 495 067 163\ne-mail:         Rudisar@faf.cuni.cz\nabuse-mailbox:  abuse@faf.cuni.cz\norg:            ORG-CUIP3-RIPE\nadmin-c:        LR5-RIPE\ntech-c:         VK1207-RIPE\nnic-hdl:        CUFO2-RIPE\nmnt-by:         TENCZ-MNT\ncreated:        2013-07-09T15:29:49Z\nlast-modified:  2013-07-09T15:29:49Z\nsource:         RIPE"
C00460791,Ace Adjustors Inc,,1701 Alma St.,Plano,TX,75075,US,,,,,,,2003-01-29,2018-07-19,arin,OrgID:          C00460791\nOrgName:        Ace Adjustors Inc\nCanAllocate:    \nStreet:         1701 Alma St.\nCity:           Plano\nState/Prov:     TX\nCountry:        US\nPostalCode:     75075\nRegDate:        2003-01-29\nUpdated:        2018-07-19\nSource:         ARIN\n
C07950855,Sprint/T-Mobile,,215 Burgess Rd,Harrisonburg,VA,22801,US,,,,,,,2021-07-08,2021-07-08,arin,OrgID:          C07950855\nOrgName:        Sprint/T-Mobile\nCanAllocate:    \nStreet:         215 Burgess Rd\nCity:           Harrisonburg\nState/Prov:     VA\nCountry:        US\nPostalCode:     22801\nRegDate:        2021-07-08\nUpdated:        2021-07-08\nSource:         ARIN\n
DW-409,DOWDY  WHITTAKER,,501 S WEST ST,BAINBRDGE,GA,39819,US,WOODB570-ARIN,WOODB570-ARIN,WOODB570-ARIN,,,dowdywhittaker.com,2019-12-18,2019-12-18,arin,OrgID:          DW-409\nOrgName:        DOWDY  WHITTAKER\nCanAllocate:    \nStreet:         501 S WEST ST\nCity:           BAINBRDGE\nState/Prov:     GA\nCountry:        US\nPostalCode:     39819\nRegDate:        2019-12-18\nUpdated:        2019-12-18\nOrgAdminHandle: WOODB570-ARIN\nOrgTechHandle:  WOODB570-ARIN\nOrgAbuseHandle: WOODB570-ARIN\nSource:         ARIN\n\n\nPOCHandle:      WOODB570-ARIN\nIsRole:         N\nLastName:       Wood\nFirstName:      Bradley\nStreet:         501 WEST ST\nCity:           BAINBRDGE\nState/Prov:     GA\nCountry:        US\nPostalCode:     39819\nRegDate:        2019-12-18\nUpdated:        2019-12-18\nOfficePhone:    +1-678-489-7916\nMailbox:        bradleywood288@gmail.com\nSource:         ARIN\n
C05666491,Private Customer,,Private Residence,Custer,WA,98240,US,,,,,,smitsepopcegof.tk,2015-03-29,2015-03-29,arin,OrgID:          C05666491\nOrgName:        Private Customer\nCanAllocate:    \nStreet:         Private Residence\nCity:           Custer\nState/Prov:     WA\nCountry:        US\nPostalCode:     98240\nRegDate:        2015-03-29\nUpdated:        2015-03-29\nSource:         ARIN\n
C08636631,RTN - DORCHESTER,,1205  ADAMS ST,BOSTON,MA,02124-5710,US,,,,,,,2022-06-15,2022-06-15,arin,OrgID:          C08636631\nOrgName:        RTN - DORCHESTER\nCanAllocate:    \nStreet:         1205  ADAMS ST\nCity:           BOSTON\nState/Prov:     MA\nCountry:        US\nPostalCode:     02124-5710\nRegDate:        2022-06-15\nUpdated:        2022-06-15\nSource:         ARIN\n
DEVIN-8,DevZero,,1620A Taylor Ave N,Seattle,WA,98109,US,CEO171-ARIN,CEO171-ARIN\NFORDE27-ARIN,CEO171-ARIN,CEO171-ARIN,,,2024-08-30,2024-09-30,arin,OrgID:          DEVIN-8\nOrgName:        DevZero\nCanAllocate:    \nStreet:         1620A Taylor Ave N\nCity:           Seattle\nState/Prov:     WA\nCountry:        US\nPostalCode:     98109\nRegDate:        2024-08-30\nUpdated:        2024-09-30\nOrgAdminHandle: CEO171-ARIN\nOrgTechHandle:  CEO171-ARIN\nOrgTechHandle:  FORDE27-ARIN\nOrgAbuseHandle: CEO171-ARIN\nOrgNOCHandle:   CEO171-ARIN\nOrgRoutingHandle:   CEO171-ARIN\nOrgDNSHandle:   CEO171-ARIN\nSource:         ARIN\n\n\nPOCHandle:      CEO171-ARIN\nIsRole:         Y\nLastName:       Chief Executive Officer\nFirstName:      \nStreet:         1620A Taylor Ave N\nCity:           Seattle\nState/Prov:     WA\nCountry:        US\nPostalCode:     98109\nRegDate:        2024-08-30\nUpdated:        2024-08-30\nOfficePhone:    +1-206-495-2689\nMailbox:        ray.debosmit92@gmail.com\nSource:         ARIN\n\n\nPOCHandle:      FORDE27-ARIN\nIsRole:         N\nLastName:       Ford\nFirstName:      Ellie\nStreet:         200 1st Ave Suite 250\nCity:           Seattle\nState/Prov:     WA\nCountry:        US\nPostalCode:     98119\nRegDate:        2024-09-30\nUpdated:        2024-11-07\nOfficePhone:    +1-801-865-1503\nMailbox:        ellie@devzero.io\nSource:         ARIN\n
ORG-VSG3-RIPE,Van Sanden Guy,nieuwe baan 55\n2430 Laakdal\nBE,,,,,,,,ACRO6811-RIPE,OVH-MNT,guy@taurix.net,guyvansanden.be,2017-05-20,2017-10-30,ripe,organisation:   ORG-VSG3-RIPE\norg-name:       Van Sanden Guy\norg-type:       OTHER\naddress:        nieuwe baan 55\naddress:        2430 Laakdal\naddress:        BE\ne-mail:         guy@taurix.net\nphone:          +32.489930548\nabuse-c:        ACRO6811-RIPE\nmnt-ref:        OVH-MNT\nmnt-by:         OVH-MNT\ncreated:        2017-05-20T12:32:58Z\nlast-modified:  2017-10-30T14:37:29Z\nsource:         RIPE\n\nrole:           Abuse contact role object\naddress:        ----\ne-mail:         guy@taurix.net\nnic-hdl:        ACRO6811-RIPE\nabuse-mailbox:  guy@taurix.net\nmnt-by:         OVH-MNT\ncreated:        2017-05-20T12:32:57Z\nlast-modified:  2017-05-20T12:32:57Z\nsource:         RIPE
RESOUR-51,Resource Connectors,,2105 N.E. 39th Ave,Portland,OR,97212,US,IO-ORG-ARIN,IO-ORG-ARIN,IO-ORG-ARIN,,,seniorresourceconnectors.com,2001-11-09,2011-09-24,arin,OrgID:          RESOUR-51\nOrgName:        Resource Connectors\nCanAllocate:    \nStreet:         2105 N.E. 39th Ave\nCity:           Portland\nState/Prov:     OR\nCountry:        US\nPostalCode:     97212\nRegDate:        2001-11-09\nUpdated:        2011-09-24\nOrgAdminHandle: IO-ORG-ARIN\nOrgTechHandle:  IO-ORG-ARIN\nOrgAbuseHandle: IO-ORG-ARIN\nSource:         ARIN\n\n\nPOCHandle:      IO-ORG-ARIN\nIsRole:         Y\nLastName:       Internet Operations U S WEST\nFirstName:      \nStreet:         600 Stinson Blvd\nCity:           Minneapolis\nState/Prov:     MN\nCountry:        US\nPostalCode:     55413\nRegDate:        1999-01-14\nUpdated:        2012-07-06\nOfficePhone:    +1-800-672-8520\nFaxPhone:       +1-612-672-8537\nMailbox:        dns-info@uswest.net\nSource:         ARIN\n
C07643726,SPECTRUM FIBER DELIVERY ENTERPRISE NETWORK AND TEL,,810 W HOWARD LN,AUSTIN,TX,78753,US,,,,,,spectrum.com,2020-09-21,2020-09-21,arin,OrgID:          C07643726\nOrgName:        SPECTRUM FIBER DELIVERY ENTERPRISE NETWORK AND TEL\nCanAllocate:    \nStreet:         810 W HOWARD LN\nCity:           AUSTIN\nState/Prov:     TX\nCountry:        US\nPostalCode:     78753\nRegDate:        2020-09-21\nUpdated:        2020-09-21\nSource:         ARIN\n
C07985462,BETHLEHEM BAPTIST CHURCH,,1936 ELKWOOD SECTION RD,HAZEL GREEN,AL,35750,US,,,,,,bethlehem.church,2021-08-10,2021-08-10,arin,OrgID:          C07985462\nOrgName:        BETHLEHEM BAPTIST CHURCH\nCanAllocate:    \nStreet:         1936 ELKWOOD SECTION RD\nCity:           HAZEL GREEN\nState/Prov:     AL\nCountry:        US\nPostalCode:     35750\nRegDate:        2021-08-10\nUpdated:        2021-08-10\nSource:         ARIN\n
C05240078,Source International,,5000 Walzem Rd.,San Antonio,TX,78218,US,,,,,,tsioutsourcing.com,2014-08-18,2014-08-18,arin,OrgID:          C05240078\nOrgName:        Source International\nCanAllocate:    \nStreet:         5000 Walzem Rd.\nCity:           San Antonio\nState/Prov:     TX\nCountry:        US\nPostalCode:     78218\nRegDate:        2014-08-18\nUpdated:        2014-08-18\nSource:         ARIN\n
C07121411,CORNERSTONE TELEPHONE,,213 48TH ST,BROOKLYN,NY,11220,US,,,,,,,2018-10-25,2018-10-25,arin,OrgID:          C07121411\nOrgName:        CORNERSTONE TELEPHONE\nCanAllocate:    \nStreet:         213 48TH ST\nCity:           BROOKLYN\nState/Prov:     NY\nCountry:        US\nPostalCode:     11220\nRegDate:        2018-10-25\nUpdated:        2018-10-25\nSource:         ARIN\n
C00168574,SMITH AND JOHNSON,,Private Residence,Richardson,TX,75082,US,,,,,,,2001-04-13,2018-07-19,arin,OrgID:          C00168574\nOrgName:        SMITH AND JOHNSON\nCanAllocate:    \nStreet:         Private Residence\nCity:           Richardson\nState/Prov:     TX\nCountry:        US\nPostalCode:     75082\nRegDate:        2001-04-13\nUpdated:        2018-07-19\nSource:         ARIN\n
C01383248,NEW FRONTIER HOSPICE-060620073708,,Private Address,Plano,TX,75075,US,,,,,,newfrontierhospice.com,2006-06-20,2018-07-19,arin,OrgID:          C01383248\nOrgName:        NEW FRONTIER HOSPICE-060620073708\nCanAllocate:    \nStreet:         Private Address\nCity:           Plano\nState/Prov:     TX\nCountry:        US\nPostalCode:     75075\nRegDate:        2006-06-20\nUpdated:        2018-07-19\nSource:         ARIN\n
C06751201,Davey Tree Expert Company,,P.O. Box 5200,Kent,OH,44240,US,,,,,,davey.com,2017-10-17,2017-10-17,arin,OrgID:          C06751201\nOrgName:        Davey Tree Expert Company\nCanAllocate:    \nStreet:         P.O. Box 5200\nCity:           Kent\nState/Prov:     OH\nCountry:        US\nPostalCode:     44240\nRegDate:        2017-10-17\nUpdated:        2017-10-17\nSource:         ARIN\n
C03069959,DRUMHILL FORD,,1 Unavailable Street,LOWELL,MA,01851,US,,,,,,,2012-06-12,2017-11-01,arin,OrgID:          C03069959\nOrgName:        DRUMHILL FORD\nCanAllocate:    \nStreet:         1 Unavailable Street\nCity:           LOWELL\nState/Prov:     MA\nCountry:        US\nPostalCode:     01851\nRegDate:        2012-06-12\nUpdated:        2017-11-01\nSource:         ARIN\n
C07957677,ONE SOURCE EQUIPMENT RENTAL LL,,10 CENTRAL INDUSTRIAL DR,GRANITE CITY,IL,62040,US,,,,,,,2021-07-16,2021-07-16,arin,OrgID:          C07957677\nOrgName:        ONE SOURCE EQUIPMENT RENTAL LL\nCanAllocate:    \nStreet:         10 CENTRAL INDUSTRIAL DR\nCity:           GRANITE CITY\nState/Prov:     IL\nCountry:        US\nPostalCode:     62040\nRegDate:        2021-07-16\nUpdated:        2021-07-16\nSource:         ARIN\n
OLC-5,Oak Leaf Confections,,440 Comstock Road,Sarborough,ON,M1L 2H6,CA,CS507-ARIN,CS507-ARIN,CS507-ARIN,,,oakleafconfections.com,1999-12-27,2011-09-24,arin,OrgID:          OLC-5\nOrgName:        Oak Leaf Confections\nCanAllocate:    \nStreet:         440 Comstock Road\nCity:           Sarborough\nState/Prov:     ON\nCountry:        CA\nPostalCode:     M1L 2H6\nRegDate:        1999-12-27\nUpdated:        2011-09-24\nOrgAdminHandle: CS507-ARIN\nOrgTechHandle:  CS507-ARIN\nOrgAbuseHandle: CS507-ARIN\nSource:         ARIN\n\n\nPOCHandle:      CS507-ARIN\nIsRole:         N\nLastName:       Silva\nFirstName:      Carlos\nStreet:         Oak Leaf Confections\nStreet:         440 Comstock Road\nCity:           Sarborough\nState/Prov:     ON\nCountry:        CA\nPostalCode:     M1L 2H6\nRegDate:        1999-12-13\nUpdated:        1999-12-13\nOfficePhone:    +1-416-751-0740\nMailbox:        oakleaf@uunet.ca\nSource:         ARIN\n
CME-120,CITY MART ENERGY,,2003 W ELK AV,DUNCAN,OK,73533,US,KEENE156-ARIN,KEENE156-ARIN,KEENE156-ARIN,,,citymartenergy.com,2017-11-11,2017-11-11,arin,OrgID:          CME-120\nOrgName:        CITY MART ENERGY\nCanAllocate:    \nStreet:         2003 W ELK AV\nCity:           DUNCAN\nState/Prov:     OK\nCountry:        US\nPostalCode:     73533\nRegDate:        2017-11-11\nUpdated:        2017-11-11\nOrgAdminHandle: KEENE156-ARIN\nOrgTechHandle:  KEENE156-ARIN\nOrgAbuseHandle: KEENE156-ARIN\nSource:         ARIN\n\n\nPOCHandle:      KEENE156-ARIN\nIsRole:         N\nLastName:       Keeney\nFirstName:      Mike\nStreet:         908 N HIGHWAY 81\nCity:           DUNCAN\nState/Prov:     OK\nCountry:        US\nPostalCode:     73533\nRegDate:        2017-11-11\nUpdated:        2017-11-11\nOfficePhone:    +1-580-656-4887\nMailbox:        mkeeney@netproit.net\nSource:         ARIN\n
C01308720,JOHNATHAN COHEN-060317013202,,Private Address,Plano,TX,75075,US,,,,,,,2006-03-17,2018-07-19,arin,OrgID:          C01308720\nOrgName:        JOHNATHAN COHEN-060317013202\nCanAllocate:    \nStreet:         Private Address\nCity:           Plano\nState/Prov:     TX\nCountry:        US\nPostalCode:     75075\nRegDate:        2006-03-17\nUpdated:        2018-07-19\nSource:         ARIN\n
LAKEC-10,LAKE CENTRAL SCHOOL CORPORATION,,8400 WICKER AV,ST JOHN,IN,46373,US,TDY6-ARIN,TDY6-ARIN,TDY6-ARIN,,,lcscmail.com,2009-06-16,2011-09-24,arin,OrgID:          LAKEC-10\nOrgName:        LAKE CENTRAL SCHOOL CORPORATION\nCanAllocate:    \nStreet:         8400 WICKER AV\nCity:           ST JOHN\nState/Prov:     IN\nCountry:        US\nPostalCode:     46373\nRegDate:        2009-06-16\nUpdated:        2011-09-24\nOrgAdminHandle: TDY6-ARIN\nOrgTechHandle:  TDY6-ARIN\nOrgAbuseHandle: TDY6-ARIN\nSource:         ARIN\n\n\nPOCHandle:      TDY6-ARIN\nIsRole:         N\nLastName:       Dykiel\nFirstName:      Tom\nStreet:         8400 Wicker Ave\nCity:           St. John\nState/Prov:     IN\nCountry:        US\nPostalCode:     46373\nRegDate:        2009-06-16\nUpdated:        2009-06-16\nOfficePhone:    +1-219-865-8551\nMailbox:        tdykiel@lcscmail.com\nSource:         ARIN\n
C02439741,MONICA ALMANZA-100309172855,,Private Address,Plano,TX,75075,US,,,,,,,2010-03-09,2018-07-19,arin,OrgID:          C02439741\nOrgName:        MONICA ALMANZA-100309172855\nCanAllocate:    \nStreet:         Private Address\nCity:           Plano\nState/Prov:     TX\nCountry:        US\nPostalCode:     75075\nRegDate:        2010-03-09\nUpdated:        2018-07-19\nSource:         ARIN\n
C02010889,Real Magnet,,5039 Connecticut Ave,Washington,DC,20008,US,,,,,,realmagnet.com,2008-08-11,2011-03-19,arin,OrgID:          C02010889\nOrgName:        Real Magnet\nCanAllocate:    \nStreet:         5039 Connecticut Ave\nCity:           Washington\nState/Prov:     DC\nCountry:        US\nPostalCode:     20008\nRegDate:        2008-08-11\nUpdated:        2011-03-19\nSource:         ARIN\n
C04918113,"PREMIER BATHS, INC - FORT WORTH",,2509 E LOOP 820,FORT WORTH,TX,76118-6978,US,,,,,,,2014-03-22,2014-03-22,arin,"OrgID:          C04918113\nOrgName:        PREMIER BATHS, INC - FORT WORTH\nCanAllocate:    \nStreet:         2509 E LOOP 820\nCity:           FORT WORTH\nState/Prov:     TX\nCountry:        US\nPostalCode:     76118-6978\nRegDate:        2014-03-22\nUpdated:        2014-03-22\nSource:         ARIN\n"
C01774753,TRI COUNTY TOWING SERVICE-071108195427,,Private Address,Plano,TX,75075,US,,,,,,,2007-11-08,2018-07-19,arin,OrgID:          C01774753\nOrgName:        TRI COUNTY TOWING SERVICE-071108195427\nCanAllocate:    \nStreet:         Private Address\nCity:           Plano\nState/Prov:     TX\nCountry:        US\nPostalCode:     75075\nRegDate:        2007-11-08\nUpdated:        2018-07-19\nSource:         ARIN\n
